id,director_name,duration,actor_1_name,actor_2_name,gross,movie_title,num_voted_users,actor_3_name,movie_imdb_link,imdb_id,num_user_for_reviews,language,country,content_rating,budget,title_year,imdb_score,poster,Action,Adventure,Fantasy
1,James Cameron,178,CCH Pounder,Joel David Moore,760505847,Avatar,886204,Wes Studi,http://www.imdb.com/title/tt0499549/,tt0499549,3054,English,USA,PG-13,237000000,2009,7.9,https://images-na.ssl-images-amazon.com/images/M/MV5BMTYwOTEwNjAzMl5BMl5BanBnXkFtZTcwODc5MTUwMw@@._V1_SX300.jpg,1,0,1
2,Gore Verbinski,169,Johnny Depp,Orlando Bloom,309404152,Pirates of the Caribbean: At World's End,471220,Jack Davenport,http://www.imdb.com/title/tt0449088/,tt0449088,1238,English,USA,PG-13,300000000,2007,7.1,https://images-na.ssl-images-amazon.com/images/M/MV5BMjIyNjkxNzEyMl5BMl5BanBnXkFtZTYwMjc3MDE3._V1_SX300.jpg,1,0,1
3,Sam Mendes,148,Christoph Waltz,Rory Kinnear,200074175,Spectre,275868,Stephanie Sigman,http://www.imdb.com/title/tt2379713/,tt2379713,4292,English,UK,PG-13,245000000,2015,6.8,https://images-na.ssl-images-amazon.com/images/M/MV5BMjM2Nzg4MzkwOF5BMl5BanBnXkFtZTgwNzA0OTE3NjE@._V1_SX300.jpg,1,0,1
4,Christopher Nolan,164,Tom Hardy,Christian Bale,448130642,The Dark Knight Rises,1144337,Joseph Gordon-Levitt,http://www.imdb.com/title/tt1345836/,tt1345836,2701,English,USA,PG-13,250000000,2012,8.5,https://images-na.ssl-images-amazon.com/images/M/MV5BMTk4ODQzNDY3Ml5BMl5BanBnXkFtZTcwODA0NTM4Nw@@._V1_SX300.jpg,1,0,1
6,Andrew Stanton,132,Daryl Sabara,Samantha Morton,73058679,John Carter,212204,Polly Walker,http://www.imdb.com/title/tt0401729/,tt0401729,738,English,USA,PG-13,263700000,2012,6.6,https://images-na.ssl-images-amazon.com/images/M/MV5BMDEwZmIzNjYtNjUwNS00MzgzLWJiOGYtZWMxZGQ5NDcxZjUwXkEyXkFqcGdeQXVyNTIzOTk5ODM@._V1_SX300.jpg,1,0,1
7,Sam Raimi,156,J.K. Simmons,James Franco,336530303,Spider-Man 3,383056,Kirsten Dunst,http://www.imdb.com/title/tt0413300/,tt0413300,1902,English,USA,PG-13,258000000,2007,6.2,https://images-na.ssl-images-amazon.com/images/M/MV5BYTk3MDljOWQtNGI2My00OTEzLTlhYjQtOTQ4ODM2MzUwY2IwXkEyXkFqcGdeQXVyNTIzOTk5ODM@._V1_SX300.jpg,1,0,1
8,Nathan Greno,100,Brad Garrett,Donna Murphy,200807262,Tangled,294810,M.C. Gainey,http://www.imdb.com/title/tt0398286/,tt0398286,387,English,USA,PG,260000000,2010,7.8,https://images-na.ssl-images-amazon.com/images/M/MV5BMTAxNDYxMjg0MjNeQTJeQWpwZ15BbWU3MDcyNTk2OTM@._V1_SX300.jpg,1,0,1
9,Joss Whedon,141,Chris Hemsworth,Robert Downey Jr.,458991599,Avengers: Age of Ultron,462669,Scarlett Johansson,http://www.imdb.com/title/tt2395427/,tt2395427,1117,English,USA,PG-13,250000000,2015,7.5,https://images-na.ssl-images-amazon.com/images/M/MV5BMTM4OGJmNWMtOTM4Ni00NTE3LTg3MDItZmQxYjc4N2JhNmUxXkEyXkFqcGdeQXVyNTgzMDMzMTg@._V1_SX300.jpg,1,0,1
10,David Yates,153,Alan Rickman,Daniel Radcliffe,301956980,Harry Potter and the Half-Blood Prince,321795,Rupert Grint,http://www.imdb.com/title/tt0417741/,tt0417741,973,English,UK,PG,250000000,2009,7.5,https://images-na.ssl-images-amazon.com/images/M/MV5BNzU3NDg4NTAyNV5BMl5BanBnXkFtZTcwOTg2ODg1Mg@@._V1_SX300.jpg,1,0,1
11,Zack Snyder,183,Henry Cavill,Lauren Cohan,330249062,Batman v Superman: Dawn of Justice,371639,Alan D. Purwin,http://www.imdb.com/title/tt2975590/,tt2975590,3018,English,USA,PG-13,250000000,2016,6.9,https://images-na.ssl-images-amazon.com/images/M/MV5BYThjYzcyYzItNTVjNy00NDk0LTgwMWQtYjMwNmNlNWJhMzMyXkEyXkFqcGdeQXVyMTQxNzMzNDI@._V1_SX300.jpg,1,0,1
12,Bryan Singer,169,Kevin Spacey,Marlon Brando,200069408,Superman Returns,240396,Frank Langella,http://www.imdb.com/title/tt0348150/,tt0348150,2367,English,USA,PG-13,209000000,2006,6.1,https://images-na.ssl-images-amazon.com/images/M/MV5BMTU3NzA5MjI0Nl5BMl5BanBnXkFtZTcwMTEwNzMzMQ@@._V1_SX300.jpg,1,0,1
13,Marc Forster,106,Giancarlo Giannini,Mathieu Amalric,168368427,Quantum of Solace,330784,Rory Kinnear,http://www.imdb.com/title/tt0830515/,tt0830515,1243,English,UK,PG-13,200000000,2008,6.7,https://images-na.ssl-images-amazon.com/images/M/MV5BMTY0MjI4MDI5MF5BMl5BanBnXkFtZTcwODkwNjk3MQ@@._V1_SX300.jpg,1,0,1
14,Gore Verbinski,151,Johnny Depp,Orlando Bloom,423032628,Pirates of the Caribbean: Dead Man's Chest,522040,Jack Davenport,http://www.imdb.com/title/tt0383574/,tt0383574,1832,English,USA,PG-13,225000000,2006,7.3,https://images-na.ssl-images-amazon.com/images/M/MV5BMTcwODc1MTMxM15BMl5BanBnXkFtZTYwMDg1NzY3._V1_SX300.jpg,1,0,1
15,Gore Verbinski,150,Johnny Depp,Ruth Wilson,89289910,The Lone Ranger,181792,Tom Wilkinson,http://www.imdb.com/title/tt1210819/,tt1210819,711,English,USA,PG-13,215000000,2013,6.5,https://images-na.ssl-images-amazon.com/images/M/MV5BMjI3Mjk5MTUxOV5BMl5BanBnXkFtZTcwNTMyNzY3OQ@@._V1_SX300.jpg,1,0,1
16,Zack Snyder,143,Henry Cavill,Christopher Meloni,291021565,Man of Steel,548573,Harry Lennix,http://www.imdb.com/title/tt0770828/,tt0770828,2536,English,USA,PG-13,225000000,2013,7.2,https://images-na.ssl-images-amazon.com/images/M/MV5BMjI5OTYzNjI0Ml5BMl5BanBnXkFtZTcwMzM1NDA1OQ@@._V1_SX300.jpg,1,0,1
17,Andrew Adamson,150,Peter Dinklage,Pierfrancesco Favino,141614023,The Chronicles of Narnia: Prince Caspian,149922,Damián Alcázar,http://www.imdb.com/title/tt0499448/,tt0499448,438,English,USA,PG,225000000,2008,6.6,https://images-na.ssl-images-amazon.com/images/M/MV5BMTIwOTA4NTE4Ml5BMl5BanBnXkFtZTcwOTI2NTg1MQ@@._V1_SX300.jpg,1,0,1
18,Joss Whedon,173,Chris Hemsworth,Robert Downey Jr.,623279547,The Avengers,995415,Scarlett Johansson,http://www.imdb.com/title/tt0848228/,tt0848228,1722,English,USA,PG-13,220000000,2012,8.1,https://images-na.ssl-images-amazon.com/images/M/MV5BMTk2NTI1MTU4N15BMl5BanBnXkFtZTcwODg0OTY0Nw@@._V1_SX300.jpg,1,0,1
19,Rob Marshall,136,Johnny Depp,Sam Claflin,241063875,Pirates of the Caribbean: On Stranger Tides,370704,Stephen Graham,http://www.imdb.com/title/tt1298650/,tt1298650,484,English,USA,PG-13,250000000,2011,6.7,https://images-na.ssl-images-amazon.com/images/M/MV5BMjE5MjkwODI3Nl5BMl5BanBnXkFtZTcwNjcwMDk4NA@@._V1_SX300.jpg,1,0,1
20,Barry Sonnenfeld,106,Will Smith,Michael Stuhlbarg,179020854,Men in Black 3,268154,Nicole Scherzinger,http://www.imdb.com/title/tt1409024/,tt1409024,341,English,USA,PG-13,225000000,2012,6.8,https://images-na.ssl-images-amazon.com/images/M/MV5BMTU2NTYxODcwMF5BMl5BanBnXkFtZTcwNDk1NDY0Nw@@._V1_SX300.jpg,1,0,1
21,Peter Jackson,164,Aidan Turner,Adam Brown,255108370,The Hobbit: The Battle of the Five Armies,354228,James Nesbitt,http://www.imdb.com/title/tt2310332/,tt2310332,802,English,New Zealand,PG-13,250000000,2014,7.5,https://images-na.ssl-images-amazon.com/images/M/MV5BODAzMDgxMDc1MF5BMl5BanBnXkFtZTgwMTI0OTAzMjE@._V1_SX300.jpg,1,0,1
22,Marc Webb,153,Emma Stone,Andrew Garfield,262030663,The Amazing Spider-Man,451803,Chris Zylka,http://www.imdb.com/title/tt0948470/,tt0948470,1225,English,USA,PG-13,230000000,2012,7,https://images-na.ssl-images-amazon.com/images/M/MV5BMjMyOTM4MDMxNV5BMl5BanBnXkFtZTcwNjIyNzExOA@@._V1_SX300.jpg,1,0,0
23,Ridley Scott,156,Mark Addy,William Hurt,105219735,Robin Hood,211765,Scott Grimes,http://www.imdb.com/title/tt0955308/,tt0955308,546,English,USA,PG-13,200000000,2010,6.7,https://images-na.ssl-images-amazon.com/images/M/MV5BMTM5NzcwMzEwOF5BMl5BanBnXkFtZTcwNjg5MTgwMw@@._V1_SX300.jpg,1,0,0
24,Peter Jackson,186,Aidan Turner,Adam Brown,258355354,The Hobbit: The Desolation of Smaug,483540,James Nesbitt,http://www.imdb.com/title/tt1170358/,tt1170358,951,English,USA,PG-13,225000000,2013,7.9,https://images-na.ssl-images-amazon.com/images/M/MV5BMzU0NDY0NDEzNV5BMl5BanBnXkFtZTgwOTIxNDU1MDE@._V1_SX300.jpg,1,0,0
25,Chris Weitz,113,Christopher Lee,Eva Green,70083519,The Golden Compass,149019,Kristin Scott Thomas,http://www.imdb.com/title/tt0385752/,tt0385752,666,English,USA,PG-13,180000000,2007,6.1,https://images-na.ssl-images-amazon.com/images/M/MV5BMTM2NDkxMjQxMV5BMl5BanBnXkFtZTYwNTMxMDM4._V1_SX300.jpg,1,1,0
26,Peter Jackson,201,Naomi Watts,Thomas Kretschmann,218051260,King Kong,316018,Evan Parke,http://www.imdb.com/title/tt0360717/,tt0360717,2618,English,New Zealand,PG-13,207000000,2005,7.2,https://images-na.ssl-images-amazon.com/images/M/MV5BMjYxYmRlZWYtMzAwNC00MDA1LWJjNTItOTBjMzlhNGMzYzk3XkEyXkFqcGdeQXVyMTQxNzMzNDI@._V1_SX300.jpg,1,1,0
27,James Cameron,194,Leonardo DiCaprio,Kate Winslet,658672302,Titanic,793059,Gloria Stuart,http://www.imdb.com/title/tt0120338/,tt0120338,2528,English,USA,PG-13,200000000,1997,7.7,https://images-na.ssl-images-amazon.com/images/M/MV5BMDdmZGU3NDQtY2E5My00ZTliLWIzOTUtMTY4ZGI1YjdiNjk3XkEyXkFqcGdeQXVyNTA4NzY1MzY@._V1_SX300.jpg,1,1,0
28,Anthony Russo,147,Robert Downey Jr.,Scarlett Johansson,407197282,Captain America: Civil War,272670,Chris Evans,http://www.imdb.com/title/tt3498820/,tt3498820,1022,English,USA,PG-13,250000000,2016,8.2,https://images-na.ssl-images-amazon.com/images/M/MV5BMjQ0MTgyNjAxMV5BMl5BanBnXkFtZTgwNjUzMDkyODE@._V1_SX300.jpg,1,1,0
29,Peter Berg,131,Liam Neeson,Alexander Skarsgård,65173160,Battleship,202382,Tadanobu Asano,http://www.imdb.com/title/tt1440129/,tt1440129,751,English,USA,PG-13,209000000,2012,5.9,https://images-na.ssl-images-amazon.com/images/M/MV5BMjI5NTM5MDA2N15BMl5BanBnXkFtZTcwNjkwMzQxNw@@._V1_SX300.jpg,1,1,0
37,Michael Bay,150,Glenn Morshower,Kevin Dunn,402076689,Transformers: Revenge of the Fallen,323207,Ramon Rodriguez,http://www.imdb.com/title/tt1055369/,tt1055369,1439,English,USA,PG-13,200000000,2009,6,https://images-na.ssl-images-amazon.com/images/M/MV5BNjk4OTczOTk0NF5BMl5BanBnXkFtZTcwNjQ0NzMzMw@@._V1_SX300.jpg,0,0,1
38,Michael Bay,165,Bingbing Li,Sophia Myles,245428137,Transformers: Age of Extinction,242420,Kelsey Grammer,http://www.imdb.com/title/tt2109248/,tt2109248,918,English,USA,PG-13,210000000,2014,5.7,https://images-na.ssl-images-amazon.com/images/M/MV5BMjEwNTg1MTA5Nl5BMl5BanBnXkFtZTgwOTg2OTM4MTE@._V1_SX300.jpg,0,0,1
39,Sam Raimi,130,Tim Holmes,Mila Kunis,234903076,Oz the Great and Powerful,175409,James Franco,http://www.imdb.com/title/tt1623205/,tt1623205,511,English,USA,PG,215000000,2013,6.4,https://images-na.ssl-images-amazon.com/images/M/MV5BMjMyMzQ1ODM1MF5BMl5BanBnXkFtZTcwMjE2MTQxOQ@@._V1_SX300.jpg,0,0,1
40,Marc Webb,142,Emma Stone,Andrew Garfield,202853933,The Amazing Spider-Man 2,321227,B.J. Novak,http://www.imdb.com/title/tt1872181/,tt1872181,1067,English,USA,PG-13,200000000,2014,6.7,https://images-na.ssl-images-amazon.com/images/M/MV5BOTA5NDYxNTg0OV5BMl5BanBnXkFtZTgwODE5NzU1MTE@._V1_SX300.jpg,0,0,1
41,Joseph Kosinski,125,Jeff Bridges,Olivia Wilde,172051787,TRON: Legacy,264183,James Frain,http://www.imdb.com/title/tt1104001/,tt1104001,665,English,USA,PG,170000000,2010,6.8,https://images-na.ssl-images-amazon.com/images/M/MV5BMTk4NTk4MTk1OF5BMl5BanBnXkFtZTcwNTE2MDIwNA@@._V1_SX300.jpg,0,0,1
42,John Lasseter,106,Joe Mantegna,Thomas Kretschmann,191450875,Cars 2,101178,Eddie Izzard,http://www.imdb.com/title/tt1216475/,tt1216475,283,English,USA,G,200000000,2011,6.3,https://images-na.ssl-images-amazon.com/images/M/MV5BMTUzNTc3MTU3M15BMl5BanBnXkFtZTcwMzIxNTc3NA@@._V1_SX300.jpg,0,0,1
43,Martin Campbell,123,Ryan Reynolds,Temuera Morrison,116593191,Green Lantern,223393,Taika Waititi,http://www.imdb.com/title/tt1133985/,tt1133985,550,English,USA,PG-13,200000000,2011,5.6,https://images-na.ssl-images-amazon.com/images/M/MV5BMTMyMTg3OTM5Ml5BMl5BanBnXkFtZTcwNzczMjEyNQ@@._V1_SX300.jpg,0,0,1
44,Lee Unkrich,103,Tom Hanks,John Ratzenberger,414984497,Toy Story 3,544884,Don Rickles,http://www.imdb.com/title/tt0435761/,tt0435761,733,English,USA,G,200000000,2010,8.3,https://images-na.ssl-images-amazon.com/images/M/MV5BMTgxOTY4Mjc0MF5BMl5BanBnXkFtZTcwNTA4MDQyMw@@._V1_SX300.jpg,0,0,1
45,McG,118,Christian Bale,Bryce Dallas Howard,125320003,Terminator Salvation,286095,Common,http://www.imdb.com/title/tt0438488/,tt0438488,974,English,USA,PG-13,200000000,2009,6.6,https://images-na.ssl-images-amazon.com/images/M/MV5BODE1MTM1MzA2NF5BMl5BanBnXkFtZTcwODQ5MTA2Mg@@._V1_SX300.jpg,0,0,1
46,James Wan,140,Jason Statham,Paul Walker,350034110,Furious 7,278232,Vin Diesel,http://www.imdb.com/title/tt2820852/,tt2820852,657,English,USA,PG-13,190000000,2015,7.2,https://images-na.ssl-images-amazon.com/images/M/MV5BMTQxOTA2NDUzOV5BMl5BanBnXkFtZTgwNzY2MTMxMzE@._V1_SX300.jpg,0,0,1
47,Marc Forster,123,Peter Capaldi,Brad Pitt,202351611,World War Z,465019,Mireille Enos,http://www.imdb.com/title/tt0816711/,tt0816711,995,English,USA,PG-13,190000000,2013,7,https://images-na.ssl-images-amazon.com/images/M/MV5BMTg0NTgxMjIxOF5BMl5BanBnXkFtZTcwMDM0MDY1OQ@@._V1_SX300.jpg,0,0,1
48,Bryan Singer,149,Jennifer Lawrence,Peter Dinklage,233914986,X-Men: Days of Future Past,514125,Hugh Jackman,http://www.imdb.com/title/tt1877832/,tt1877832,752,English,USA,PG-13,200000000,2014,8,https://images-na.ssl-images-amazon.com/images/M/MV5BZGIzNWYzN2YtMjcwYS00YjQ3LWI2NjMtOTNiYTUyYjE2MGNkXkEyXkFqcGdeQXVyMTQxNzMzNDI@._V1_SX300.jpg,0,0,1
49,J.J. Abrams,132,Benedict Cumberbatch,Bruce Greenwood,228756232,Star Trek Into Darkness,395573,Noel Clarke,http://www.imdb.com/title/tt1408101/,tt1408101,1171,English,USA,PG-13,190000000,2013,7.8,https://images-na.ssl-images-amazon.com/images/M/MV5BMTk2NzczOTgxNF5BMl5BanBnXkFtZTcwODQ5ODczOQ@@._V1_SX300.jpg,0,0,1
50,Bryan Singer,114,Eddie Marsan,Ewen Bremner,65171860,Jack the Giant Slayer,106416,Ralph Brown,http://www.imdb.com/title/tt1351685/,tt1351685,205,English,USA,PG-13,195000000,2013,6.3,https://images-na.ssl-images-amazon.com/images/M/MV5BMjE1NDMxMjI0OV5BMl5BanBnXkFtZTcwMjQyMDExOQ@@._V1_SX300.jpg,0,0,1
51,Baz Luhrmann,143,Leonardo DiCaprio,Elizabeth Debicki,144812796,The Great Gatsby,362912,Steve Bisley,http://www.imdb.com/title/tt1343092/,tt1343092,753,English,Australia,PG-13,105000000,2013,7.3,https://images-na.ssl-images-amazon.com/images/M/MV5BMTkxNTk1ODcxNl5BMl5BanBnXkFtZTcwMDI1OTMzOQ@@._V1_SX300.jpg,0,0,1
52,Mike Newell,116,Jake Gyllenhaal,Richard Coyle,90755643,Prince of Persia: The Sands of Time,222403,Reece Ritchie,http://www.imdb.com/title/tt0473075/,tt0473075,453,English,USA,PG-13,200000000,2010,6.6,https://images-na.ssl-images-amazon.com/images/M/MV5BMTMwNDg0NzcyMV5BMl5BanBnXkFtZTcwNjg4MjQyMw@@._V1_SX300.jpg,0,1,1
53,Guillermo del Toro,131,Charlie Hunnam,Clifton Collins Jr.,101785482,Pacific Rim,381148,Larry Joe Campbell,http://www.imdb.com/title/tt1663662/,tt1663662,1106,English,USA,PG-13,190000000,2013,7,https://images-na.ssl-images-amazon.com/images/M/MV5BMTY3MTI5NjQ4Nl5BMl5BanBnXkFtZTcwOTU1OTU0OQ@@._V1_SX300.jpg,0,1,1
54,Michael Bay,154,Glenn Morshower,Lester Speight,352358779,Transformers: Dark of the Moon,326180,Kevin Dunn,http://www.imdb.com/title/tt1399103/,tt1399103,899,English,USA,PG-13,195000000,2011,6.3,https://images-na.ssl-images-amazon.com/images/M/MV5BMTkwOTY0MTc1NV5BMl5BanBnXkFtZTcwMDQwNjA2NQ@@._V1_SX300.jpg,0,1,1
55,Steven Spielberg,122,Harrison Ford,Ray Winstone,317011114,Indiana Jones and the Kingdom of the Crystal Skull,333847,Jim Broadbent,http://www.imdb.com/title/tt0367882/,tt0367882,2054,English,USA,PG-13,185000000,2008,6.2,https://images-na.ssl-images-amazon.com/images/M/MV5BMTIxNDUxNzcyMl5BMl5BanBnXkFtZTcwNTgwOTI3MQ@@._V1_SX300.jpg,0,1,1
57,Mark Andrews,93,Kelly Macdonald,John Ratzenberger,237282182,Brave,273556,Julie Walters,http://www.imdb.com/title/tt1217209/,tt1217209,428,English,USA,PG,185000000,2012,7.2,https://images-na.ssl-images-amazon.com/images/M/MV5BMzgwODk3ODA1NF5BMl5BanBnXkFtZTcwNjU3NjQ0Nw@@._V1_SX300.jpg,0,1,1
58,Justin Lin,122,Sofia Boutella,Melissa Roxburgh,130468626,Star Trek Beyond,53607,Lydia Wilson,http://www.imdb.com/title/tt2660888/,tt2660888,432,English,USA,PG-13,185000000,2016,7.5,https://images-na.ssl-images-amazon.com/images/M/MV5BZDRiOGE5ZTctOWIxOS00MWQwLThlMDYtNWIwMDQwNzBjZDY1XkEyXkFqcGdeQXVyNjU0OTQ0OTY@._V1_SX300.jpg,0,1,0
59,Andrew Stanton,98,John Ratzenberger,Fred Willard,223806889,WALL·E,718837,Jeff Garlin,http://www.imdb.com/title/tt0910970/,tt0910970,1043,English,USA,G,180000000,2008,8.4,https://images-na.ssl-images-amazon.com/images/M/MV5BMjExMTg5OTU0NF5BMl5BanBnXkFtZTcwMjMxMzMzMw@@._V1_SX300.jpg,0,1,0
60,Brett Ratner,91,Tzi Ma,Dana Ivey,140080850,Rush Hour 3,121084,Noémie Lenoir,http://www.imdb.com/title/tt0293564/,tt0293564,221,English,USA,PG-13,140000000,2007,6.2,https://images-na.ssl-images-amazon.com/images/M/MV5BMTA0Nzg5NjQ0MDBeQTJeQWpwZ15BbWU3MDE4Mzg5NDE@._V1_SX300.jpg,0,1,0
61,Roland Emmerich,158,Oliver Platt,Liam James,166112167,2012,283418,Tom McCarthy,http://www.imdb.com/title/tt1190080/,tt1190080,1055,English,USA,PG-13,200000000,2009,5.8,https://images-na.ssl-images-amazon.com/images/M/MV5BMTY0MjEyODQzMF5BMl5BanBnXkFtZTcwMTczMjQ4Mg@@._V1_SX300.jpg,0,1,1
62,Robert Zemeckis,96,Robin Wright,Colin Firth,137850096,A Christmas Carol,72809,Gary Oldman,http://www.imdb.com/title/tt1067106/,tt1067106,249,English,USA,PG,200000000,2009,6.8,https://images-na.ssl-images-amazon.com/images/M/MV5BMTM1MTI5ODU4MV5BMl5BanBnXkFtZTcwNTYyNTU4Mg@@._V1_SX300.jpg,0,1,1
63,Lana Wachowski,127,Channing Tatum,Mila Kunis,47375327,Jupiter Ascending,139593,Eddie Redmayne,http://www.imdb.com/title/tt1617661/,tt1617661,720,English,USA,PG-13,176000000,2015,5.4,https://images-na.ssl-images-amazon.com/images/M/MV5BMTQyNzk2MjA2NF5BMl5BanBnXkFtZTgwMjEwNzk3MjE@._V1_SX300.jpg,0,1,1
64,David Yates,110,Christoph Waltz,Alexander Skarsgård,124051759,The Legend of Tarzan,42372,Casper Crump,http://www.imdb.com/title/tt0918940/,tt0918940,239,English,USA,PG-13,180000000,2016,6.6,https://images-na.ssl-images-amazon.com/images/M/MV5BMzY3OTI0OTcyMF5BMl5BanBnXkFtZTgwNjkxNTAwOTE@._V1_SX300.jpg,0,1,1
65,Andrew Adamson,150,Jim Broadbent,Kiran Shah,291709845,The Chronicles of Narnia: The Lion the Witch and the Wardrobe,286506,Shane Rangi,http://www.imdb.com/title/tt0363771/,tt0363771,1463,English,USA,PG,180000000,2005,6.9,https://images-na.ssl-images-amazon.com/images/M/MV5BMTc0NTUwMTU5OV5BMl5BanBnXkFtZTcwNjAwNzQzMw@@._V1_SX300.jpg,0,1,1
73,Rob Cohen,112,Jet Li,Brendan Fraser,102176165,The Mummy: Tomb of the Dragon Emperor,117927,Russell Wong,http://www.imdb.com/title/tt0859163/,tt0859163,501,English,USA,PG-13,145000000,2008,5.2,https://images-na.ssl-images-amazon.com/images/M/MV5BMTU4NDIzMDY1OV5BMl5BanBnXkFtZTcwNjQxMzk3MQ@@._V1_SX300.jpg,0,0,0
74,David Ayer,123,Will Smith,Robin Atkin Downes,161087183,Suicide Squad,118992,Ike Barinholtz,http://www.imdb.com/title/tt1386697/,tt1386697,971,English,USA,PG-13,175000000,2016,6.9,https://images-na.ssl-images-amazon.com/images/M/MV5BMjM1OTMxNzUyM15BMl5BanBnXkFtZTgwNjYzMTIzOTE@._V1_SX300.jpg,0,0,0
75,Tom Shadyac,96,Jimmy Bennett,Morgan Freeman,100289690,Evan Almighty,115099,Steve Carell,http://www.imdb.com/title/tt0413099/,tt0413099,257,English,USA,PG,175000000,2007,5.4,https://images-na.ssl-images-amazon.com/images/M/MV5BMTUxMTEzODYxMV5BMl5BanBnXkFtZTcwNzQ4ODU0MQ@@._V1_SX300.jpg,0,0,0
76,Doug Liman,113,Tom Cruise,Lara Pulver,100189501,Edge of Tomorrow,431620,Noah Taylor,http://www.imdb.com/title/tt1631867/,tt1631867,741,English,USA,PG-13,178000000,2014,7.9,https://images-na.ssl-images-amazon.com/images/M/MV5BMTc5OTk4MTM3M15BMl5BanBnXkFtZTgwODcxNjg3MDE@._V1_SX300.jpg,0,0,0
77,Kevin Reynolds,176,Jeanne Tripplehorn,Rick Aviles,88246220,Waterworld,144337,Zakes Mokae,http://www.imdb.com/title/tt0114898/,tt0114898,309,English,USA,PG-13,175000000,1995,6.1,https://images-na.ssl-images-amazon.com/images/M/MV5BYzE4NTRmMDYtNWYzYi00YmNkLTk4NDEtYjFmMDc4ODQ3ODY2XkEyXkFqcGdeQXVyNTUyMzE4Mzg@._V1_SX300.jpg,0,0,0
78,Stephen Sommers,118,Joseph Gordon-Levitt,Dennis Quaid,150167630,G.I. Joe: The Rise of Cobra,174578,Leo Howard,http://www.imdb.com/title/tt1046173/,tt1046173,534,English,USA,PG-13,175000000,2009,5.8,https://images-na.ssl-images-amazon.com/images/M/MV5BMTQzMTU1NzQwNl5BMl5BanBnXkFtZTcwNDg4NzMzMw@@._V1_SX300.jpg,0,0,0
79,Pete Docter,95,Amy Poehler,Mindy Kaling,356454367,Inside Out,345198,Phyllis Smith,http://www.imdb.com/title/tt2096673/,tt2096673,773,English,USA,PG,175000000,2015,8.3,https://images-na.ssl-images-amazon.com/images/M/MV5BOTgxMDQwMDk0OF5BMl5BanBnXkFtZTgwNjU5OTg2NDE@._V1_SX300.jpg,0,0,0
80,Jon Favreau,106,Scarlett Johansson,Bill Murray,362645141,The Jungle Book,106072,Garry Shandling,http://www.imdb.com/title/tt3040964/,tt3040964,398,English,UK,PG,175000000,2016,7.8,https://images-na.ssl-images-amazon.com/images/M/MV5BMTc3NTUzNTI4MV5BMl5BanBnXkFtZTgwNjU0NjU5NzE@._V1_SX300.jpg,0,0,0
81,Jon Favreau,124,Robert Downey Jr.,Scarlett Johansson,312057433,Iron Man 2,522371,Jon Favreau,http://www.imdb.com/title/tt1228705/,tt1228705,723,English,USA,PG-13,200000000,2010,7,https://images-na.ssl-images-amazon.com/images/M/MV5BMTM0MDgwNjMyMl5BMl5BanBnXkFtZTcwNTg3NzAzMw@@._V1_SX300.jpg,0,0,0
82,Rupert Sanders,132,Chris Hemsworth,Kristen Stewart,155111815,Snow White and the Huntsman,228554,Sam Claflin,http://www.imdb.com/title/tt1735898/,tt1735898,710,English,USA,PG-13,170000000,2012,6.1,https://images-na.ssl-images-amazon.com/images/M/MV5BMTQ1NDA0MTk5OV5BMl5BanBnXkFtZTcwMTM4NDMwNw@@._V1_SX300.jpg,0,0,0
83,Robert Stromberg,97,Angelina Jolie Pitt,Sharlto Copley,241407328,Maleficent,252257,Sam Riley,http://www.imdb.com/title/tt1587310/,tt1587310,634,English,USA,PG,180000000,2014,7,https://images-na.ssl-images-amazon.com/images/M/MV5BMjAwMzAzMzExOF5BMl5BanBnXkFtZTgwOTcwMDA5MTE@._V1_SX300.jpg,0,0,1
84,Matt Reeves,130,Gary Oldman,Judy Greer,208543795,Dawn of the Planet of the Apes,317542,Kodi Smit-McPhee,http://www.imdb.com/title/tt2103281/,tt2103281,620,English,USA,PG-13,170000000,2014,7.6,https://images-na.ssl-images-amazon.com/images/M/MV5BMTgwODk3NDc1N15BMl5BanBnXkFtZTgwNTc1NjQwMjE@._V1_SX300.jpg,0,0,1
86,Carl Rinsch,128,Keanu Reeves,Cary-Hiroyuki Tagawa,38297305,47 Ronin,116994,Jin Akanishi,http://www.imdb.com/title/tt1335975/,tt1335975,324,English,USA,PG-13,175000000,2013,6.3,https://images-na.ssl-images-amazon.com/images/M/MV5BMTc0MjE2NzE0OV5BMl5BanBnXkFtZTgwNTU5MjE1MDE@._V1_SX300.jpg,0,0,1
87,Anthony Russo,136,Scarlett Johansson,Chris Evans,259746958,Captain America: The Winter Soldier,496749,Hayley Atwell,http://www.imdb.com/title/tt1843866/,tt1843866,742,English,USA,PG-13,170000000,2014,7.8,https://images-na.ssl-images-amazon.com/images/M/MV5BMzA2NDkwODAwM15BMl5BanBnXkFtZTgwODk5MTgzMTE@._V1_SX300.jpg,0,0,1
88,Mike Mitchell,93,Jon Hamm,Kathy Griffin,238371987,Shrek Forever After,138661,Mary Kay Place,http://www.imdb.com/title/tt0892791/,tt0892791,173,English,USA,PG,165000000,2010,6.4,https://images-na.ssl-images-amazon.com/images/M/MV5BMTY0OTU1NzkxMl5BMl5BanBnXkFtZTcwMzI2NDUzMw@@._V1_SX300.jpg,0,0,1
89,Brad Bird,130,Judy Greer,Chris Bauer,93417865,Tomorrowland,128306,Thomas Robinson,http://www.imdb.com/title/tt1964418/,tt1964418,497,English,USA,PG,190000000,2015,6.5,https://images-na.ssl-images-amazon.com/images/M/MV5BMTQ0MDc5MjAyNF5BMl5BanBnXkFtZTgwMzU5Mzk1NjE@._V1_SX300.jpg,0,0,1
90,Don Hall,102,Damon Wayans Jr.,Daniel Henney,222487711,Big Hero 6,279093,Abraham Benrubi,http://www.imdb.com/title/tt2245084/,tt2245084,433,English,USA,PG,165000000,2014,7.9,https://images-na.ssl-images-amazon.com/images/M/MV5BMDliOTIzNmUtOTllOC00NDU3LWFiNjYtMGM0NDc1YTMxNjYxXkEyXkFqcGdeQXVyNTM3NzExMDQ@._V1_SX300.jpg,0,0,1
91,Rich Moore,101,Jack McBrayer,Sarah Silverman,189412677,Wreck-It Ralph,272534,Joe Lo Truglio,http://www.imdb.com/title/tt1772341/,tt1772341,345,English,USA,PG,165000000,2012,7.8,https://images-na.ssl-images-amazon.com/images/M/MV5BNzMxNTExOTkyMF5BMl5BanBnXkFtZTcwMzEyNDc0OA@@._V1_SX300.jpg,0,0,1
92,Robert Zemeckis,100,Tom Hanks,Eddie Deezen,665426,The Polar Express,120798,Peter Scolari,http://www.imdb.com/title/tt0338348/,tt0338348,444,English,USA,G,165000000,2004,6.6,https://images-na.ssl-images-amazon.com/images/M/MV5BMTM1NTU0NTE4MV5BMl5BanBnXkFtZTcwMTQ0MjEzMw@@._V1_SX300.jpg,0,0,1
93,Roland Emmerich,120,Vivica A. Fox,Sela Ward,102315545,Independence Day: Resurgence,58137,Judd Hirsch,http://www.imdb.com/title/tt1628841/,tt1628841,520,English,USA,PG-13,165000000,2016,5.5,https://images-na.ssl-images-amazon.com/images/M/MV5BMjIyMTg5MTg4OV5BMl5BanBnXkFtZTgwMzkzMjY5NzE@._V1_SX300.jpg,0,0,1
94,Dean DeBlois,98,Gerard Butler,America Ferrera,217387997,How to Train Your Dragon,485430,Craig Ferguson,http://www.imdb.com/title/tt0892769/,tt0892769,492,English,USA,PG,165000000,2010,8.2,https://images-na.ssl-images-amazon.com/images/M/MV5BMjA5NDQyMjc2NF5BMl5BanBnXkFtZTcwMjg5ODcyMw@@._V1_SX300.jpg,0,0,1
95,Jonathan Mostow,109,Nick Stahl,M.C. Gainey,150350192,Terminator 3: Rise of the Machines,305340,Carolyn Hennesy,http://www.imdb.com/title/tt0181852/,tt0181852,1676,English,USA,R,200000000,2003,6.4,https://images-na.ssl-images-amazon.com/images/M/MV5BMTk5NzM1ODgyN15BMl5BanBnXkFtZTcwMzA5MjAzMw@@._V1_SX300.jpg,0,0,1
96,James Gunn,121,Bradley Cooper,Vin Diesel,333130696,Guardians of the Galaxy,682155,Djimon Hounsou,http://www.imdb.com/title/tt2015381/,tt2015381,1097,English,USA,PG-13,170000000,2014,8.1,https://images-na.ssl-images-amazon.com/images/M/MV5BMTAwMjU5OTgxNjZeQTJeQWpwZ15BbWU4MDUxNDYxODEx._V1_SX300.jpg,0,0,1
97,Christopher Nolan,169,Matthew McConaughey,Anne Hathaway,187991439,Interstellar,928227,Mackenzie Foy,http://www.imdb.com/title/tt0816692/,tt0816692,2725,English,USA,PG-13,165000000,2014,8.6,https://images-na.ssl-images-amazon.com/images/M/MV5BMjIxNTU4MzY4MF5BMl5BanBnXkFtZTgwMzM4ODI3MjE@._V1_SX300.jpg,0,0,0
98,Christopher Nolan,148,Leonardo DiCaprio,Tom Hardy,292568851,Inception,1468200,Joseph Gordon-Levitt,http://www.imdb.com/title/tt1375666/,tt1375666,2803,English,USA,PG-13,160000000,2010,8.8,https://images-na.ssl-images-amazon.com/images/M/MV5BMjAxMzY3NjcxNF5BMl5BanBnXkFtZTcwNTI5OTM0Mw@@._V1_SX300.jpg,0,0,0
100,Peter Jackson,182,Aidan Turner,Adam Brown,303001229,The Hobbit: An Unexpected Journey,637246,James Nesbitt,http://www.imdb.com/title/tt0903624/,tt0903624,1367,English,USA,PG-13,180000000,2012,7.9,https://images-na.ssl-images-amazon.com/images/M/MV5BMTcwNTE4MTUxMl5BMl5BanBnXkFtZTcwMDIyODM4OA@@._V1_SX300.jpg,0,0,0
101,Rob Cohen,106,Paul Walker,Vin Diesel,144512310,The Fast and the Furious,272223,Jordana Brewster,http://www.imdb.com/title/tt0232500/,tt0232500,988,English,USA,PG-13,38000000,2001,6.7,https://images-na.ssl-images-amazon.com/images/M/MV5BNzlkNzVjMDMtOTdhZC00MGE1LTkxODctMzFmMjkwZmMxZjFhXkEyXkFqcGdeQXVyNjU0OTQ0OTY@._V1_SX300.jpg,0,0,0
102,David Fincher,166,Brad Pitt,Jason Flemyng,127490802,The Curious Case of Benjamin Button,459346,Julia Ormond,http://www.imdb.com/title/tt0421715/,tt0421715,822,English,USA,PG-13,150000000,2008,7.8,https://images-na.ssl-images-amazon.com/images/M/MV5BNjQ0NTY2ODY2M15BMl5BanBnXkFtZTgwMjE4MzkxMDE@._V1_SX300.jpg,0,0,0
110,Alan Taylor,126,J.K. Simmons,Emilia Clarke,89732035,Terminator Genisys,188457,Matt Smith,http://www.imdb.com/title/tt1340138/,tt1340138,867,English,USA,PG-13,155000000,2015,6.6,https://images-na.ssl-images-amazon.com/images/M/MV5BMjM1NTc0NzE4OF5BMl5BanBnXkFtZTgwNDkyNjQ1NTE@._V1_SX300.jpg,1,1,1
111,Michael Apted,113,Bruce Spence,Shane Rangi,104383624,The Chronicles of Narnia: The Voyage of the Dawn Treader,106446,Laura Brent,http://www.imdb.com/title/tt0980970/,tt0980970,227,English,USA,PG,155000000,2010,6.3,https://images-na.ssl-images-amazon.com/images/M/MV5BNjQ2MDQzMzExNl5BMl5BanBnXkFtZTcwMTYzOTc5Mw@@._V1_SX300.jpg,1,1,1
112,Michael Bay,184,Jennifer Garner,Jaime King,198539855,Pearl Harbor,254111,Mako,http://www.imdb.com/title/tt0213149/,tt0213149,1999,English,USA,PG-13,140000000,2001,6.1,https://images-na.ssl-images-amazon.com/images/M/MV5BMTQ3MDc0MDc1NF5BMl5BanBnXkFtZTYwODI1ODY2._V1_SX300.jpg,1,1,1
113,Michael Bay,144,Zack Ward,Michael O'Neill,318759914,Transformers,513158,Kevin Dunn,http://www.imdb.com/title/tt0418279/,tt0418279,1782,English,USA,PG-13,150000000,2007,7.1,https://images-na.ssl-images-amazon.com/images/M/MV5BNDg1NTU2OWEtM2UzYi00ZWRmLWEwMTktZWNjYWQ1NWM1OThjXkEyXkFqcGdeQXVyMTQxNzMzNDI@._V1_SX300.jpg,1,1,1
114,Oliver Stone,206,Anthony Hopkins,Angelina Jolie Pitt,34293771,Alexander,138863,Brian Blessed,http://www.imdb.com/title/tt0346491/,tt0346491,1390,English,Germany,R,155000000,2004,5.5,https://images-na.ssl-images-amazon.com/images/M/MV5BMTA1NDQ3OTY2NDVeQTJeQWpwZ15BbWU3MDI5MDc0MzM@._V1_SX300.jpg,1,1,1
115,David Yates,138,Robert Pattinson,Daniel Radcliffe,292000866,Harry Potter and the Order of the Phoenix,355137,Fiona Shaw,http://www.imdb.com/title/tt0373889/,tt0373889,1108,English,UK,PG-13,150000000,2007,7.5,https://images-na.ssl-images-amazon.com/images/M/MV5BMTM0NTczMTUzOV5BMl5BanBnXkFtZTYwMzIxNTg3._V1_SX300.jpg,1,1,1
116,Mike Newell,157,Robert Pattinson,Daniel Radcliffe,289994397,Harry Potter and the Goblet of Fire,385670,Rupert Grint,http://www.imdb.com/title/tt0330373/,tt0330373,1896,English,UK,PG-13,150000000,2005,7.6,https://images-na.ssl-images-amazon.com/images/M/MV5BMTI1NDMyMjExOF5BMl5BanBnXkFtZTcwOTc4MjQzMQ@@._V1_SX300.jpg,1,1,1
117,Peter Berg,102,Will Smith,Charlize Theron,227946274,Hancock,343648,Eddie Marsan,http://www.imdb.com/title/tt0448157/,tt0448157,590,English,USA,PG-13,150000000,2008,6.4,https://images-na.ssl-images-amazon.com/images/M/MV5BMTgyMzc4ODU3NV5BMl5BanBnXkFtZTcwNjk5Mzc1MQ@@._V1_SX300.jpg,0,1,0
118,Francis Lawrence,104,Will Smith,Alice Braga,256386216,I Am Legend,530870,Willow Smith,http://www.imdb.com/title/tt0480249/,tt0480249,1413,English,USA,PG-13,150000000,2007,7.2,https://images-na.ssl-images-amazon.com/images/M/MV5BYTE1ZTBlYzgtNmMyNS00ZTQ2LWE4NjEtZjUxNDJkNTg2MzlhXkEyXkFqcGdeQXVyNjU0OTQ0OTY@._V1_SX300.jpg,0,1,0
119,Tim Burton,115,Johnny Depp,Christopher Lee,206456431,Charlie and the Chocolate Factory,320284,David Kelly,http://www.imdb.com/title/tt0367594/,tt0367594,1361,English,USA,PG,150000000,2005,6.7,https://images-na.ssl-images-amazon.com/images/M/MV5BNjcxMjg1Njg2NF5BMl5BanBnXkFtZTcwMjQ4NzMzMw@@._V1_SX300.jpg,0,1,0
120,Brad Bird,111,Janeane Garofalo,John Ratzenberger,206435493,Ratatouille,473887,Brian Dennehy,http://www.imdb.com/title/tt0382932/,tt0382932,626,English,USA,G,150000000,2007,8,https://images-na.ssl-images-amazon.com/images/M/MV5BMTMzODU0NTkxMF5BMl5BanBnXkFtZTcwMjQ4MzMzMw@@._V1_SX300.jpg,0,1,0
121,Christopher Nolan,128,Christian Bale,Liam Neeson,205343774,Batman Begins,980946,Morgan Freeman,http://www.imdb.com/title/tt0372784/,tt0372784,2685,English,USA,PG-13,150000000,2005,8.3,https://images-na.ssl-images-amazon.com/images/M/MV5BNTM3OTc0MzM2OV5BMl5BanBnXkFtZTYwNzUwMTI3._V1_SX300.jpg,0,1,0
122,Eric Darnell,89,Bernie Mac,Jada Pinkett Smith,179982968,Madagascar: Escape 2 Africa,146019,Cedric the Entertainer,http://www.imdb.com/title/tt0479952/,tt0479952,119,English,USA,PG,150000000,2008,6.7,https://images-na.ssl-images-amazon.com/images/M/MV5BMjExMDA4NDcwMl5BMl5BanBnXkFtZTcwODAxNTQ3MQ@@._V1_SX300.jpg,0,1,0
123,Shawn Levy,105,Robin Williams,Rami Malek,177243721,Night at the Museum: Battle of the Smithsonian,130272,Steve Coogan,http://www.imdb.com/title/tt1078912/,tt1078912,209,English,USA,PG,150000000,2009,5.9,https://images-na.ssl-images-amazon.com/images/M/MV5BMjAzMzc0MzM3MF5BMl5BanBnXkFtZTcwNjUzODkyMg@@._V1_SX300.jpg,0,1,0
124,Gavin Hood,119,Hugh Jackman,Ryan Reynolds,179883016,X-Men Origins: Wolverine,361924,Dominic Monaghan,http://www.imdb.com/title/tt0458525/,tt0458525,641,English,USA,PG-13,150000000,2009,6.7,https://images-na.ssl-images-amazon.com/images/M/MV5BZWRhMzdhMzEtZTViNy00YWYyLTgxZmUtMTMwMWM0NTEyMjk3XkEyXkFqcGdeQXVyNTIzOTk5ODM@._V1_SX300.jpg,1,0,0
125,Lana Wachowski,129,Essie Davis,Collin Chou,139259759,The Matrix Revolutions,364948,Nona Gaye,http://www.imdb.com/title/tt0242653/,tt0242653,2121,English,Australia,R,150000000,2003,6.7,https://images-na.ssl-images-amazon.com/images/M/MV5BMjA1MjM3NTE1Ml5BMl5BanBnXkFtZTYwODM4MDg3._V1_SX300.jpg,1,0,0
126,Chris Buck,102,Josh Gad,Maurice LaMarche,400736600,Frozen,421658,Livvy Stubenrauch,http://www.imdb.com/title/tt2294629/,tt2294629,904,English,USA,PG,150000000,2013,7.6,https://images-na.ssl-images-amazon.com/images/M/MV5BMTQ1MjQwMTE5OF5BMl5BanBnXkFtZTgwNjk3MTcyMDE@._V1_SX300.jpg,1,0,0
127,Lana Wachowski,138,Steve Bastoni,Daniel Bernhardt,281492479,The Matrix Reloaded,421818,Helmut Bakaitis,http://www.imdb.com/title/tt0234215/,tt0234215,2789,English,USA,R,150000000,2003,7.2,https://images-na.ssl-images-amazon.com/images/M/MV5BMjA0NDM5MDY2OF5BMl5BanBnXkFtZTcwNzg5OTEzMw@@._V1_SX300.jpg,1,0,0
128,Alan Taylor,112,Chris Hemsworth,Natalie Portman,206360018,Thor: The Dark World,414070,Anthony Hopkins,http://www.imdb.com/title/tt1981115/,tt1981115,532,English,USA,PG-13,170000000,2013,7.1,https://images-na.ssl-images-amazon.com/images/M/MV5BMTQyNzAwOTUxOF5BMl5BanBnXkFtZTcwMTE0OTc5OQ@@._V1_SX300.jpg,1,0,0
129,George Miller,120,Tom Hardy,Charlize Theron,153629485,Mad Max: Fury Road,552503,Zoë Kravitz,http://www.imdb.com/title/tt1392190/,tt1392190,1588,English,Australia,R,150000000,2015,8.1,https://images-na.ssl-images-amazon.com/images/M/MV5BMTUyMTE0ODcxNF5BMl5BanBnXkFtZTgwODE4NDQzNTE@._V1_SX300.jpg,1,0,0
130,Ron Howard,146,Tom Hanks,Ayelet Zurer,133375846,Angels & Demons,207839,Armin Mueller-Stahl,http://www.imdb.com/title/tt0808151/,tt0808151,435,English,USA,PG-13,150000000,2009,6.7,https://images-na.ssl-images-amazon.com/images/M/MV5BMjEzNzM2MjgxMF5BMl5BanBnXkFtZTcwNTQ1MTM0Mg@@._V1_SX300.jpg,1,0,0
131,Kenneth Branagh,115,Chris Hemsworth,Natalie Portman,181015141,Thor,536314,Anthony Hopkins,http://www.imdb.com/title/tt0800369/,tt0800369,738,English,USA,PG-13,150000000,2011,7,https://images-na.ssl-images-amazon.com/images/M/MV5BOGE4NzU1YTAtNzA3Mi00ZTA2LTg2YmYtMDJmMThiMjlkYjg2XkEyXkFqcGdeQXVyNTgzMDMzMTg@._V1_SX300.jpg,1,1,0
132,Byron Howard,96,Chloë Grace Moretz,Diedrich Bader,114053579,Bolt,146766,James Lipton,http://www.imdb.com/title/tt0397892/,tt0397892,178,English,USA,PG,150000000,2008,6.9,https://images-na.ssl-images-amazon.com/images/M/MV5BNDQyNDE5NjQ1N15BMl5BanBnXkFtZTcwMDExMTAwMg@@._V1_SX300.jpg,1,1,1
133,Hoyt Yeatman,88,Kelli Garner,Piper Mackenzie Harris,119420252,G-Force,33042,Niecy Nash,http://www.imdb.com/title/tt0436339/,tt0436339,90,English,USA,PG,150000000,2009,5.1,https://images-na.ssl-images-amazon.com/images/M/MV5BMTM4NTY3MzY2MV5BMl5BanBnXkFtZTcwMDQ1NTM2Mg@@._V1_SX300.jpg,1,1,1
134,Jonathan Liebesman,99,Liam Neeson,Edgar Ramírez,83640426,Wrath of the Titans,152826,Lily James,http://www.imdb.com/title/tt1646987/,tt1646987,253,English,USA,PG-13,150000000,2012,5.8,https://images-na.ssl-images-amazon.com/images/M/MV5BMjMyMzk1Nzg3OF5BMl5BanBnXkFtZTcwOTQ2NjcxNw@@._V1_SX300.jpg,1,1,1
135,Tim Burton,113,Johnny Depp,Chloë Grace Moretz,79711678,Dark Shadows,199039,Christopher Lee,http://www.imdb.com/title/tt1077368/,tt1077368,479,English,USA,PG-13,100000000,2012,6.2,https://images-na.ssl-images-amazon.com/images/M/MV5BMjc0NzAyMzI1MF5BMl5BanBnXkFtZTcwMTE0NDQ1Nw@@._V1_SX300.jpg,1,1,0
136,Christopher McQuarrie,131,Tom Cruise,Jeremy Renner,195000874,Mission: Impossible - Rogue Nation,232187,Sean Harris,http://www.imdb.com/title/tt2381249/,tt2381249,440,English,China,PG-13,150000000,2015,7.4,https://images-na.ssl-images-amazon.com/images/M/MV5BOTFmNDA3ZjMtN2Y0MC00NDYyLWFlY2UtNTQ4OTQxMmY1NmVjXkEyXkFqcGdeQXVyNTg4NDQ4NDY@._V1_SX300.jpg,1,1,0
137,Joe Johnston,119,Anthony Hopkins,Simon Merrells,61937495,The Wolfman,89442,Art Malik,http://www.imdb.com/title/tt0780653/,tt0780653,432,English,USA,R,150000000,2010,5.8,https://images-na.ssl-images-amazon.com/images/M/MV5BOTUyODEyMDIyM15BMl5BanBnXkFtZTcwNTYxMzg5Mg@@._V1_SX300.jpg,1,1,0
139,Steve Hickner,91,Matthew Broderick,Oprah Winfrey,126597121,Bee Movie,105902,Rip Torn,http://www.imdb.com/title/tt0389790/,tt0389790,206,English,USA,PG,150000000,2007,6.2,https://images-na.ssl-images-amazon.com/images/M/MV5BMjE1MDYxOTA4MF5BMl5BanBnXkFtZTcwMDE0MDUzMw@@._V1_SX300.jpg,1,0,0
140,Jennifer Yuh Nelson,90,Angelina Jolie Pitt,Gary Oldman,165230261,Kung Fu Panda 2,182718,Mike Bell,http://www.imdb.com/title/tt1302011/,tt1302011,209,English,USA,PG,150000000,2011,7.3,https://images-na.ssl-images-amazon.com/images/M/MV5BMTg4MTQ3NTI3Nl5BMl5BanBnXkFtZTcwNzEzODQ2NA@@._V1_SX300.jpg,1,0,0
141,M. Night Shyamalan,103,Seychelle Gabriel,Noah Ringer,131564731,The Last Airbender,118951,Aasif Mandvi,http://www.imdb.com/title/tt0938283/,tt0938283,1382,English,USA,PG,150000000,2010,4.2,https://images-na.ssl-images-amazon.com/images/M/MV5BMTM1NjE0NDA0MV5BMl5BanBnXkFtZTcwODE4NDg1Mw@@._V1_SX300.jpg,1,0,0
142,J.J. Abrams,124,Philip Seymour Hoffman,Tom Cruise,133382309,Mission: Impossible III,256695,Eddie Marsan,http://www.imdb.com/title/tt0317919/,tt0317919,871,English,USA,PG-13,150000000,2006,6.9,https://images-na.ssl-images-amazon.com/images/M/MV5BOThhNTA1YjItYzk2Ny00M2Y1LWJlYWUtZDQyZDU0YmY5Y2M5XkEyXkFqcGdeQXVyNjU0OTQ0OTY@._V1_SX300.jpg,1,0,0
143,Roland Emmerich,131,Channing Tatum,Jake Weber,73103784,White House Down,164238,Matt Craven,http://www.imdb.com/title/tt2334879/,tt2334879,434,English,USA,PG-13,150000000,2013,6.4,https://images-na.ssl-images-amazon.com/images/M/MV5BMTAyNzQyNTcwNjVeQTJeQWpwZ15BbWU3MDAwOTQ4Nzk@._V1_SX300.jpg,1,0,0
144,Simon Wells,88,Elisabeth Harnois,Dan Fogler,21379315,Mars Needs Moms,17590,Tom Everett Scott,http://www.imdb.com/title/tt1305591/,tt1305591,112,English,USA,PG,150000000,2011,5.4,https://images-na.ssl-images-amazon.com/images/M/MV5BOTA0MTQ2Mzc3N15BMl5BanBnXkFtZTcwNzA4ODAwNA@@._V1_SX300.jpg,1,0,0
145,David Bowers,85,Hugh Jackman,Kate Winslet,64459316,Flushed Away,85086,David Suchet,http://www.imdb.com/title/tt0424095/,tt0424095,122,English,UK,PG,149000000,2006,6.7,https://images-na.ssl-images-amazon.com/images/M/MV5BMTI1MzE1MDk2N15BMl5BanBnXkFtZTYwMjEwMzI3._V1_SX300.jpg,1,0,0
146,Joe Wright,111,Hugh Jackman,Cara Delevingne,34964818,Pan,39956,Nonso Anozie,http://www.imdb.com/title/tt3332064/,tt3332064,186,English,USA,PG,150000000,2015,5.8,https://images-na.ssl-images-amazon.com/images/M/MV5BMzk2MDg5MDczMl5BMl5BanBnXkFtZTgwNTE2NjYyNjE@._V1_SX300.jpg,1,0,0
147,Rob Minkoff,92,Ty Burrell,Zach Callison,111505642,Mr. Peabody & Sherman,47900,Karan Brar,http://www.imdb.com/title/tt0864835/,tt0864835,130,English,USA,PG,145000000,2014,6.9,https://images-na.ssl-images-amazon.com/images/M/MV5BMTkxMzM0NzcwN15BMl5BanBnXkFtZTgwNzk1MjMzMTE@._V1_SX300.jpg,1,0,0
148,Wolfgang Petersen,196,Brad Pitt,Orlando Bloom,133228348,Troy,381672,Julian Glover,http://www.imdb.com/title/tt0332452/,tt0332452,1694,English,USA,R,175000000,2004,7.2,https://images-na.ssl-images-amazon.com/images/M/MV5BMTk5MzU1MDMwMF5BMl5BanBnXkFtZTcwNjczODMzMw@@._V1_SX300.jpg,1,1,0
149,Eric Darnell,93,Jada Pinkett Smith,Martin Short,216366733,Madagascar 3: Europe's Most Wanted,119213,Cedric the Entertainer,http://www.imdb.com/title/tt1277953/,tt1277953,154,English,USA,PG,145000000,2012,6.9,https://images-na.ssl-images-amazon.com/images/M/MV5BMTM2MTIzNzk2MF5BMl5BanBnXkFtZTcwMDcwMzQxNw@@._V1_SX300.jpg,1,1,0
150,Lee Tamahori,133,Toby Stephens,Colin Salmon,160201106,Die Another Day,169914,Rick Yune,http://www.imdb.com/title/tt0246460/,tt0246460,1185,English,UK,PG-13,142000000,2002,6.1,https://images-na.ssl-images-amazon.com/images/M/MV5BODNkYmIwYTMtYzdhNy00YWE3LThkYmEtNzA5ZTE5YmVjYzZlXkEyXkFqcGdeQXVyNTIzOTk5ODM@._V1_SX300.jpg,1,1,0
151,Paul Feig,116,Ed Begley Jr.,Kate McKinnon,118099659,Ghostbusters,69757,Zach Woods,http://www.imdb.com/title/tt1289401/,tt1289401,1211,English,USA,PG-13,144000000,2016,5.5,https://images-na.ssl-images-amazon.com/images/M/MV5BMTg3OTM4NTM4NV5BMl5BanBnXkFtZTgwOTI3NDc0OTE@._V1_SX300.jpg,1,1,0
152,Michael Bay,153,Bruce Willis,Steve Buscemi,201573391,Armageddon,322395,Will Patton,http://www.imdb.com/title/tt0120591/,tt0120591,1171,English,USA,PG-13,140000000,1998,6.6,https://images-na.ssl-images-amazon.com/images/M/MV5BMGM0NzE2YjgtZGQ4YS00MmY3LTg4ZDMtYjUwNTNiNTJhNTQ5XkEyXkFqcGdeQXVyMTQxNzMzNDI@._V1_SX300.jpg,1,1,0
153,Barry Sonnenfeld,88,Will Smith,Rosario Dawson,190418803,Men in Black II,270207,Rip Torn,http://www.imdb.com/title/tt0120912/,tt0120912,606,English,USA,PG-13,140000000,2002,6.1,https://images-na.ssl-images-amazon.com/images/M/MV5BMTMxNDA0NTMxMV5BMl5BanBnXkFtZTYwMDE2NzY2._V1_SX300.jpg,1,1,0
154,Robert Zemeckis,115,Robin Wright,Anthony Hopkins,82161969,Beowulf,142440,Sebastian Roché,http://www.imdb.com/title/tt0442933/,tt0442933,505,English,USA,PG-13,150000000,2007,6.3,https://images-na.ssl-images-amazon.com/images/M/MV5BMTUzMjM0MTc3MF5BMl5BanBnXkFtZTcwNzU0ODMyMw@@._V1_SX300.jpg,1,1,0
155,Alessandro Carloni,95,J.K. Simmons,Angelina Jolie Pitt,143523463,Kung Fu Panda 3,64322,Wayne Knight,http://www.imdb.com/title/tt2267968/,tt2267968,145,English,USA,PG,145000000,2016,7.2,https://images-na.ssl-images-amazon.com/images/M/MV5BMTUyNzgxNjg2M15BMl5BanBnXkFtZTgwMTY1NDI1NjE@._V1_SX300.jpg,0,0,1
156,Brad Bird,133,Tom Cruise,Jeremy Renner,209364921,Mission: Impossible - Ghost Protocol,365104,Michael Nyqvist,http://www.imdb.com/title/tt1229238/,tt1229238,512,English,USA,PG-13,145000000,2011,7.4,https://images-na.ssl-images-amazon.com/images/M/MV5BMTY4MTUxMjQ5OV5BMl5BanBnXkFtZTcwNTUyMzg5Ng@@._V1_SX300.jpg,0,0,1
157,Peter Ramsey,97,Hugh Jackman,Kamil McFadden,103400692,Rise of the Guardians,123553,Khamani Griffin,http://www.imdb.com/title/tt1446192/,tt1446192,174,English,USA,PG,145000000,2012,7.3,https://images-na.ssl-images-amazon.com/images/M/MV5BMTkzMjgwMDg1M15BMl5BanBnXkFtZTcwMTgzNTI1OA@@._V1_SX300.jpg,0,0,1
158,Dean Parisot,90,John Michael Higgins,Richard Burgi,110332737,Fun with Dick and Jane,110788,David Herman,http://www.imdb.com/title/tt0369441/,tt0369441,258,English,USA,PG-13,100000000,2005,6.1,https://images-na.ssl-images-amazon.com/images/M/MV5BYTJiMWFiNzgtMDQxZi00NTFiLWE2YjMtNTA5NzY5YzQxZjNjXkEyXkFqcGdeQXVyNTIzOTk5ODM@._V1_SX300.jpg,0,0,1
159,Edward Zwick,154,Tom Cruise,Tony Goldwyn,111110575,The Last Samurai,317166,Chad Lindberg,http://www.imdb.com/title/tt0325710/,tt0325710,928,English,USA,R,140000000,2003,7.7,https://images-na.ssl-images-amazon.com/images/M/MV5BMzkyNzQ1Mzc0NV5BMl5BanBnXkFtZTcwODg3MzUzMw@@._V1_SX300.jpg,0,0,1
160,Ridley Scott,150,Christian Bale,María Valverde,65007045,Exodus: Gods and Kings,128682,Ben Mendelsohn,http://www.imdb.com/title/tt1528100/,tt1528100,657,English,UK,PG-13,140000000,2014,6.1,https://images-na.ssl-images-amazon.com/images/M/MV5BMjI3MDY0NjkxNl5BMl5BanBnXkFtZTgwNTM3NTA0MzE@._V1_SX300.jpg,0,0,1
161,J.J. Abrams,127,Chris Hemsworth,Leonard Nimoy,257704099,Star Trek,504419,Bruce Greenwood,http://www.imdb.com/title/tt0796366/,tt0796366,1559,English,USA,PG-13,150000000,2009,8,https://images-na.ssl-images-amazon.com/images/M/MV5BMjE5NDQ5OTE4Ml5BMl5BanBnXkFtZTcwOTE3NDIzMw@@._V1_SX300.jpg,0,0,1
162,Sam Raimi,121,J.K. Simmons,James Franco,403706375,Spider-Man,544665,Kirsten Dunst,http://www.imdb.com/title/tt0145487/,tt0145487,2012,English,USA,PG-13,139000000,2002,7.3,https://images-na.ssl-images-amazon.com/images/M/MV5BZDEyN2NhMjgtMjdhNi00MmNlLWE5YTgtZGE4MzNjMTRlMGEwXkEyXkFqcGdeQXVyNDUyOTg3Njg@._V1_SX300.jpg,0,0,1
163,Dean DeBlois,102,Gerard Butler,Djimon Hounsou,176997107,How to Train Your Dragon 2,221128,America Ferrera,http://www.imdb.com/title/tt1646971/,tt1646971,343,English,USA,PG,145000000,2014,7.9,https://images-na.ssl-images-amazon.com/images/M/MV5BMzMwMTAwODczN15BMl5BanBnXkFtZTgwMDk2NDA4MTE@._V1_SX300.jpg,0,0,1
164,Alex Proyas,126,Gerard Butler,Elodie Yung,31141074,Gods of Egypt,51892,Bryan Brown,http://www.imdb.com/title/tt2404233/,tt2404233,273,English,USA,PG-13,140000000,2016,5.5,https://images-na.ssl-images-amazon.com/images/M/MV5BNjExODg3MDUzNl5BMl5BanBnXkFtZTgwNjExMjE3NzE@._V1_SX300.jpg,0,0,1
165,Rob Cohen,121,Sam Shepard,Joe Morton,31704416,Stealth,45455,Richard Roxburgh,http://www.imdb.com/title/tt0382992/,tt0382992,388,English,USA,PG-13,135000000,2005,5,https://images-na.ssl-images-amazon.com/images/M/MV5BNzMzNTY0NTYwOV5BMl5BanBnXkFtZTcwMTExNjgyMQ@@._V1_SX300.jpg,0,0,1
166,Zack Snyder,215,Matt Frewer,Billy Crudup,107503316,Watchmen,392474,Stephen McHattie,http://www.imdb.com/title/tt0409459/,tt0409459,1229,English,USA,R,130000000,2009,7.7,https://images-na.ssl-images-amazon.com/images/M/MV5BY2IzNGNiODgtOWYzOS00OTI0LTgxZTUtOTA5OTQ5YmI3NGUzXkEyXkFqcGdeQXVyNjU0OTQ0OTY@._V1_SX300.jpg,0,0,1
167,Richard Donner,127,Jet Li,Rene Russo,129734803,Lethal Weapon 4,127497,Darlene Love,http://www.imdb.com/title/tt0122151/,tt0122151,287,English,USA,R,140000000,1998,6.6,https://images-na.ssl-images-amazon.com/images/M/MV5BYmU2YTYwYmUtMTYzOC00YzJmLTk1NDktMzU4YzA3Njc1ZmY0XkEyXkFqcGdeQXVyNDk3NzU2MTQ@._V1_SX300.jpg,0,1,1
168,Ang Lee,138,Kevin Rankin,Regi Davis,132122995,Hulk,212106,Celia Weston,http://www.imdb.com/title/tt0286716/,tt0286716,1445,English,USA,PG-13,137000000,2003,5.7,https://images-na.ssl-images-amazon.com/images/M/MV5BMTQxNzUxNTE4Nl5BMl5BanBnXkFtZTYwMjcyNTk5._V1_SX300.jpg,0,1,1
169,Jon M. Chu,122,Channing Tatum,Dwayne Johnson,122512052,G.I. Joe: Retaliation,146352,Elodie Yung,http://www.imdb.com/title/tt1583421/,tt1583421,288,English,USA,PG-13,130000000,2013,5.8,https://images-na.ssl-images-amazon.com/images/M/MV5BNzk5ODM0OTQ0N15BMl5BanBnXkFtZTcwODg2ODE4OA@@._V1_SX300.jpg,0,1,1
170,Breck Eisner,124,Matthew McConaughey,Rainn Wilson,68642452,Sahara,77673,Delroy Lindo,http://www.imdb.com/title/tt0318649/,tt0318649,463,English,UK,PG-13,130000000,2005,6,https://images-na.ssl-images-amazon.com/images/M/MV5BMjExOTM4NDUzNV5BMl5BanBnXkFtZTcwOTgzNzczMw@@._V1_SX300.jpg,0,1,1
171,Hironobu Sakaguchi,106,Steve Buscemi,Ming-Na Wen,32131830,Final Fantasy: The Spirits Within,72259,Jean Simmons,http://www.imdb.com/title/tt0173840/,tt0173840,788,English,USA,PG-13,137000000,2001,6.4,https://images-na.ssl-images-amazon.com/images/M/MV5BZWRjZTBlMWQtOGU2OS00NTNiLWEyNDUtNDA1NjI3ODE3OTJhXkEyXkFqcGdeQXVyNDk3NzU2MTQ@._V1_SX300.jpg,0,1,1
172,Joe Johnston,124,Chris Evans,Dominic Cooper,176636816,Captain America: The First Avenger,508818,Hayley Atwell,http://www.imdb.com/title/tt0458339/,tt0458339,679,English,USA,PG-13,140000000,2011,6.9,https://images-na.ssl-images-amazon.com/images/M/MV5BMTYzOTc2NzU3N15BMl5BanBnXkFtZTcwNjY3MDE3NQ@@._V1_SX300.jpg,0,1,1
173,Michael Apted,128,Colin Salmon,Maria Grazia Cucinotta,126930660,The World Is Not Enough,157519,Desmond Llewelyn,http://www.imdb.com/title/tt0143145/,tt0143145,683,English,UK,PG-13,135000000,1999,6.4,https://images-na.ssl-images-amazon.com/images/M/MV5BMjA0MzUyNjg0MV5BMl5BanBnXkFtZTcwNDY5MDg0NA@@._V1_SX300.jpg,0,1,1
174,Peter Weir,138,James D'Arcy,Lee Ingleby,93926386,Master and Commander: The Far Side of the World,168207,David Threlfall,http://www.imdb.com/title/tt0311113/,tt0311113,684,English,USA,PG-13,150000000,2003,7.4,https://images-na.ssl-images-amazon.com/images/M/MV5BMjA5NjYyMDM5NV5BMl5BanBnXkFtZTYwOTU5MDY2._V1_SX300.jpg,0,1,1
175,Bill Condon,115,Robert Pattinson,Kristen Stewart,292298923,The Twilight Saga: Breaking Dawn - Part 2,185394,Taylor Lautner,http://www.imdb.com/title/tt1673434/,tt1673434,329,English,USA,PG-13,120000000,2012,5.5,https://images-na.ssl-images-amazon.com/images/M/MV5BMTcyMzUyMzY1OF5BMl5BanBnXkFtZTcwNDQ4ODk1OA@@._V1_SX300.jpg,0,1,1
176,George Miller,100,Robin Williams,Brad Pitt,63992328,Happy Feet 2,32399,Common,http://www.imdb.com/title/tt1402488/,tt1402488,79,English,Australia,PG,135000000,2011,5.9,https://images-na.ssl-images-amazon.com/images/M/MV5BMTg1MzU2Nzg2OV5BMl5BanBnXkFtZTcwNzE3MzAxNg@@._V1_SX300.jpg,0,1,1
177,Louis Leterrier,135,Ty Burrell,Peter Mensah,134518390,The Incredible Hulk,326286,William Hurt,http://www.imdb.com/title/tt0800080/,tt0800080,643,English,USA,PG-13,150000000,2008,6.8,https://images-na.ssl-images-amazon.com/images/M/MV5BMTUyNzk3MjA1OF5BMl5BanBnXkFtZTcwMTE1Njg2MQ@@._V1_SX300.jpg,0,1,0
179,Steven Spielberg,117,Mark Rylance,Penelope Wilton,52792307,The BFG,12572,Rafe Spall,http://www.imdb.com/title/tt3691740/,tt3691740,106,English,UK,PG,140000000,2016,6.8,https://images-na.ssl-images-amazon.com/images/M/MV5BMjI5MjI4NTEzOF5BMl5BanBnXkFtZTgwNjM2Nzg3NzE@._V1_SX300.jpg,0,1,0
180,Alejandro G. Iñárritu,156,Leonardo DiCaprio,Tom Hardy,183635922,The Revenant,406020,Lukas Haas,http://www.imdb.com/title/tt1663202/,tt1663202,1188,English,USA,R,135000000,2015,8.1,https://images-na.ssl-images-amazon.com/images/M/MV5BY2FmODc2N2QtYmY3MS00YTMwLWI2NGYtZWRmYWVkNjFjZmI0XkEyXkFqcGdeQXVyNTMxMjgxMzA@._V1_SX300.jpg,0,1,0
181,David Soren,96,Ryan Reynolds,Snoop Dogg,83024900,Turbo,62424,Ben Schwartz,http://www.imdb.com/title/tt1860353/,tt1860353,90,English,USA,PG,135000000,2013,6.5,https://images-na.ssl-images-amazon.com/images/M/MV5BMTA4NTgwMjM5MzheQTJeQWpwZ15BbWU3MDg2ODA1ODk@._V1_SX300.jpg,0,1,0
182,Gore Verbinski,107,Johnny Depp,Ray Winstone,123207194,Rango,183208,Stephen Root,http://www.imdb.com/title/tt1192628/,tt1192628,337,English,USA,PG,135000000,2011,7.2,https://images-na.ssl-images-amazon.com/images/M/MV5BMjE5ODg1NTk3OF5BMl5BanBnXkFtZTcwNzA5NTMyNA@@._V1_SX300.jpg,0,1,0
183,Eric Darnell,92,Benedict Cumberbatch,Annet Mahendru,83348920,Penguins of Madagascar,60230,Andy Richter,http://www.imdb.com/title/tt1911658/,tt1911658,118,English,USA,PG,132000000,2014,6.7,https://images-na.ssl-images-amazon.com/images/M/MV5BMTEyMDg4MDU4MjdeQTJeQWpwZ15BbWU4MDQyOTc3MjIx._V1_SX300.jpg,0,1,0
184,Paul Greengrass,115,Matt Damon,Edgar Ramírez,227137090,The Bourne Ultimatum,491077,Albert Finney,http://www.imdb.com/title/tt0440963/,tt0440963,820,English,USA,PG-13,110000000,2007,8.1,https://images-na.ssl-images-amazon.com/images/M/MV5BNGNiNmU2YTMtZmU4OS00MjM0LTlmYWUtMjVlYjAzYjE2N2RjXkEyXkFqcGdeQXVyNDk3NzU2MTQ@._V1_SX300.jpg,0,1,0
185,Mark Osborne,92,Angelina Jolie Pitt,Wayne Knight,215395021,Kung Fu Panda,307029,Dan Fogler,http://www.imdb.com/title/tt0441773/,tt0441773,360,English,USA,PG,130000000,2008,7.6,https://images-na.ssl-images-amazon.com/images/M/MV5BMTIxOTY1NjUyN15BMl5BanBnXkFtZTcwMjMxMDk1MQ@@._V1_SX300.jpg,0,1,0
186,Peyton Reed,117,Judy Greer,Hayley Atwell,180191634,Ant-Man,313866,T.I.,http://www.imdb.com/title/tt0478970/,tt0478970,549,English,USA,PG-13,130000000,2015,7.4,https://images-na.ssl-images-amazon.com/images/M/MV5BMjM2NTQ5Mzc2M15BMl5BanBnXkFtZTgwNTcxMDI2NTE@._V1_SX300.jpg,0,1,0
187,Francis Lawrence,146,Jennifer Lawrence,Josh Hutcherson,424645577,The Hunger Games: Catching Fire,498397,Sandra Ellis Lafferty,http://www.imdb.com/title/tt1951264/,tt1951264,706,English,USA,PG-13,130000000,2013,7.6,https://images-na.ssl-images-amazon.com/images/M/MV5BMTAyMjQ3OTAxMzNeQTJeQWpwZ15BbWU4MDU0NzA1MzAx._V1_SX300.jpg,0,1,0
189,Tim Johnson,94,Jim Parsons,Matt Jones,177343675,Home,70121,April Winchell,http://www.imdb.com/title/tt2224026/,tt2224026,214,English,USA,PG,135000000,2015,6.7,https://images-na.ssl-images-amazon.com/images/M/MV5BMTU0MzU4ODI3Ml5BMl5BanBnXkFtZTgwMzQzODk5NDE@._V1_SX300.jpg,0,1,0
190,Steven Spielberg,116,Tom Cruise,Lisa Ann Walter,234277056,War of the Worlds,334345,Rick Gonzalez,http://www.imdb.com/title/tt0407304/,tt0407304,2741,English,USA,PG-13,132000000,2005,6.5,https://images-na.ssl-images-amazon.com/images/M/MV5BNDUyODAzNDI1Nl5BMl5BanBnXkFtZTcwMDA2NDAzMw@@._V1_SX300.jpg,0,1,0
191,Michael Bay,147,Will Smith,Henry Rollins,138396624,Bad Boys II,178126,Jordi Mollà,http://www.imdb.com/title/tt0172156/,tt0172156,511,English,USA,R,130000000,2003,6.6,https://images-na.ssl-images-amazon.com/images/M/MV5BZmU4NzVkZjEtZmQxMi00ZDY5LWI3ZDYtMWRmZjE5YmYwZjQzXkEyXkFqcGdeQXVyMTQxNzMzNDI@._V1_SX300.jpg,0,1,0
192,Chris Miller,90,Salma Hayek,Constance Marie,149234747,Puss in Boots,114287,Amy Sedaris,http://www.imdb.com/title/tt0448694/,tt0448694,137,English,USA,PG,130000000,2011,6.7,https://images-na.ssl-images-amazon.com/images/M/MV5BMTMxMTU5MTY4MV5BMl5BanBnXkFtZTcwNzgyNjg2NQ@@._V1_SX300.jpg,0,1,0
193,Phillip Noyce,101,Angelina Jolie Pitt,Andre Braugher,118311368,Salt,245621,August Diehl,http://www.imdb.com/title/tt0944835/,tt0944835,514,English,USA,PG-13,110000000,2010,6.4,https://images-na.ssl-images-amazon.com/images/M/MV5BMjIyODA2NDg4NV5BMl5BanBnXkFtZTcwMjg4NDAwMw@@._V1_SX300.jpg,0,1,0
194,Darren Aronofsky,138,Anthony Hopkins,Emma Watson,101160529,Noah,200022,Logan Lerman,http://www.imdb.com/title/tt1959490/,tt1959490,1240,English,USA,PG-13,125000000,2014,5.8,https://images-na.ssl-images-amazon.com/images/M/MV5BNThkMjExYTEtMGYyNi00MWIzLThkNGQtMTM3YzBkZjFhZGI3XkEyXkFqcGdeQXVyMjQ2MTk1OTE@._V1_SX300.jpg,0,1,0
195,Steven Spielberg,107,Toby Jones,Mackenzie Crook,77564037,The Adventures of Tintin,177383,Tony Curran,http://www.imdb.com/title/tt0983193/,tt0983193,447,English,USA,PG,135000000,2011,7.4,https://images-na.ssl-images-amazon.com/images/M/MV5BNDE5MDExNTQ1OF5BMl5BanBnXkFtZTcwMDIxMTM5Ng@@._V1_SX300.jpg,0,1,0
196,Alfonso Cuarón,142,Daniel Radcliffe,Gary Oldman,249358727,Harry Potter and the Prisoner of Azkaban,382255,Rupert Grint,http://www.imdb.com/title/tt0304141/,tt0304141,1504,English,UK,PG,130000000,2004,7.8,https://images-na.ssl-images-amazon.com/images/M/MV5BMTY4NTIwODg0N15BMl5BanBnXkFtZTcwOTc0MjEzMw@@._V1_SX300.jpg,0,1,0
197,Baz Luhrmann,165,Essie Davis,Bryan Brown,49551662,Australia,102338,Eddie Baroo,http://www.imdb.com/title/tt0455824/,tt0455824,450,English,Australia,PG-13,130000000,2008,6.6,https://images-na.ssl-images-amazon.com/images/M/MV5BZjJhMTAyZWMtMjRlZC00NWU3LTg3ODQtYTkyZjRiN2NhY2Y5XkEyXkFqcGdeQXVyNTIzOTk5ODM@._V1_SX300.jpg,0,1,0
198,M. Night Shyamalan,100,Will Smith,Zoë Kravitz,60522097,After Earth,158720,Glenn Morshower,http://www.imdb.com/title/tt1815862/,tt1815862,744,English,USA,PG-13,130000000,2013,4.9,https://images-na.ssl-images-amazon.com/images/M/MV5BMTY3MzQyMjkwMl5BMl5BanBnXkFtZTcwMDk2OTE0OQ@@._V1_SX300.jpg,0,1,0
199,Eric Leighton,82,Alfre Woodard,D.B. Sweeney,137748063,Dinosaur,38438,Della Reese,http://www.imdb.com/title/tt0130623/,tt0130623,241,English,USA,PG,127500000,2000,6.5,https://images-na.ssl-images-amazon.com/images/M/MV5BZWQ1NTZjMjUtODNmZS00NTVhLWFhM2ItNWZiOTdjMzdhZTY2XkEyXkFqcGdeQXVyMTQxNzMzNDI@._V1_SX300.jpg,0,1,0
201,Shawn Levy,98,Robin Williams,Rami Malek,113733726,Night at the Museum: Secret of the Tomb,67223,Steve Coogan,http://www.imdb.com/title/tt2692250/,tt2692250,126,English,USA,PG,127000000,2014,6.2,https://images-na.ssl-images-amazon.com/images/M/MV5BMjI1MzM2ODEyMV5BMl5BanBnXkFtZTgwNTIzODAwMzE@._V1_SX300.jpg,0,1,0
202,Tom McGrath,95,J.K. Simmons,Brad Pitt,148337537,Megamind,172754,Will Ferrell,http://www.imdb.com/title/tt1001526/,tt1001526,187,English,USA,PG,130000000,2010,7.3,https://images-na.ssl-images-amazon.com/images/M/MV5BMTAzMzI0NTMzNDBeQTJeQWpwZ15BbWU3MDM3NTAyOTM@._V1_SX300.jpg,0,0,0
203,Chris Columbus,159,Daniel Radcliffe,Fiona Shaw,317557891,Harry Potter and the Sorcerer's Stone,444683,Verne Troyer,http://www.imdb.com/title/tt0241527/,tt0241527,1571,English,UK,PG,125000000,2001,7.5,https://images-na.ssl-images-amazon.com/images/M/MV5BNjQ3NWNlNmQtMTE5ZS00MDdmLTlkZjUtZTBlM2UxMGFiMTU3XkEyXkFqcGdeQXVyNjUwNzk3NDc@._V1_SX300.jpg,0,0,0
204,Robert Schwentke,96,Ryan Reynolds,Jeff Bridges,33592415,R.I.P.D.,91640,Stephanie Szostak,http://www.imdb.com/title/tt0790736/,tt0790736,210,English,USA,PG-13,130000000,2013,5.6,https://images-na.ssl-images-amazon.com/images/M/MV5BMTM5OTYxNzE5N15BMl5BanBnXkFtZTcwMDU1MTQ4OQ@@._V1_SX300.jpg,0,0,0
206,Gore Verbinski,143,Johnny Depp,Orlando Bloom,305388685,Pirates of the Caribbean: The Curse of the Black Pearl,809474,Jack Davenport,http://www.imdb.com/title/tt0325980/,tt0325980,2113,English,USA,PG-13,140000000,2003,8.1,https://images-na.ssl-images-amazon.com/images/M/MV5BNGYyZGM5MGMtYTY2Ni00M2Y1LWIzNjQtYWUzM2VlNGVhMDNhXkEyXkFqcGdeQXVyMTMxODk2OTU@._V1_SX300.jpg,0,0,0
208,Francis Lawrence,123,Jennifer Lawrence,Philip Seymour Hoffman,337103873,The Hunger Games: Mockingjay - Part 1,305008,Josh Hutcherson,http://www.imdb.com/title/tt1951265/,tt1951265,591,English,USA,PG-13,125000000,2014,6.7,https://images-na.ssl-images-amazon.com/images/M/MV5BMTcxNDI2NDAzNl5BMl5BanBnXkFtZTgwODM3MTc2MjE@._V1_SX300.jpg,0,0,0
209,Ron Howard,174,Tom Hanks,Seth Gabel,217536138,The Da Vinci Code,314253,Jürgen Prochnow,http://www.imdb.com/title/tt0382625/,tt0382625,1966,English,USA,PG-13,125000000,2006,6.6,https://images-na.ssl-images-amazon.com/images/M/MV5BMjIxMjQyMTc3Nl5BMl5BanBnXkFtZTcwMTA1MDUzMw@@._V1_SX300.jpg,0,0,0
210,Carlos Saldanha,101,Miguel Ferrer,Rachel Crow,131536019,Rio 2,58498,Jeffrey Garcia,http://www.imdb.com/title/tt2357291/,tt2357291,99,English,USA,G,103000000,2014,6.4,https://images-na.ssl-images-amazon.com/images/M/MV5BMTgzMDczMDYzNl5BMl5BanBnXkFtZTgwMzk2MDIwMTE@._V1_SX300.jpg,0,0,0
211,Baz Luhrmann,165,Essie Davis,Bryan Brown,49551662,Australia,102338,Eddie Baroo,http://www.imdb.com/title/tt0455824/,tt0455824,450,English,Australia,PG-13,130000000,2008,6.6,https://images-na.ssl-images-amazon.com/images/M/MV5BZjJhMTAyZWMtMjRlZC00NWU3LTg3ODQtYTkyZjRiN2NhY2Y5XkEyXkFqcGdeQXVyNTIzOTk5ODM@._V1_SX300.jpg,0,0,0
212,M. Night Shyamalan,100,Will Smith,Zoë Kravitz,60522097,After Earth,158720,Glenn Morshower,http://www.imdb.com/title/tt1815862/,tt1815862,744,English,USA,PG-13,130000000,2013,4.9,https://images-na.ssl-images-amazon.com/images/M/MV5BMTY3MzQyMjkwMl5BMl5BanBnXkFtZTcwMDk2OTE0OQ@@._V1_SX300.jpg,0,0,0
213,Eric Leighton,82,Alfre Woodard,D.B. Sweeney,137748063,Dinosaur,38438,Della Reese,http://www.imdb.com/title/tt0130623/,tt0130623,241,English,USA,PG,127500000,2000,6.5,https://images-na.ssl-images-amazon.com/images/M/MV5BZWQ1NTZjMjUtODNmZS00NTVhLWFhM2ItNWZiOTdjMzdhZTY2XkEyXkFqcGdeQXVyMTQxNzMzNDI@._V1_SX300.jpg,0,0,0
214,Shawn Levy,98,Robin Williams,Rami Malek,113733726,Night at the Museum: Secret of the Tomb,67223,Steve Coogan,http://www.imdb.com/title/tt2692250/,tt2692250,126,English,USA,PG,127000000,2014,6.2,https://images-na.ssl-images-amazon.com/images/M/MV5BMjI1MzM2ODEyMV5BMl5BanBnXkFtZTgwNTIzODAwMzE@._V1_SX300.jpg,0,0,0
215,Tom McGrath,95,J.K. Simmons,Brad Pitt,148337537,Megamind,172754,Will Ferrell,http://www.imdb.com/title/tt1001526/,tt1001526,187,English,USA,PG,130000000,2010,7.3,https://images-na.ssl-images-amazon.com/images/M/MV5BMTAzMzI0NTMzNDBeQTJeQWpwZ15BbWU3MDM3NTAyOTM@._V1_SX300.jpg,0,0,0
216,Chris Columbus,159,Daniel Radcliffe,Fiona Shaw,317557891,Harry Potter and the Sorcerer's Stone,444683,Verne Troyer,http://www.imdb.com/title/tt0241527/,tt0241527,1571,English,UK,PG,125000000,2001,7.5,https://images-na.ssl-images-amazon.com/images/M/MV5BNjQ3NWNlNmQtMTE5ZS00MDdmLTlkZjUtZTBlM2UxMGFiMTU3XkEyXkFqcGdeQXVyNjUwNzk3NDc@._V1_SX300.jpg,0,0,0
217,Robert Schwentke,96,Ryan Reynolds,Jeff Bridges,33592415,R.I.P.D.,91640,Stephanie Szostak,http://www.imdb.com/title/tt0790736/,tt0790736,210,English,USA,PG-13,130000000,2013,5.6,https://images-na.ssl-images-amazon.com/images/M/MV5BMTM5OTYxNzE5N15BMl5BanBnXkFtZTcwMDU1MTQ4OQ@@._V1_SX300.jpg,0,0,0
218,Gore Verbinski,143,Johnny Depp,Orlando Bloom,305388685,Pirates of the Caribbean: The Curse of the Black Pearl,809474,Jack Davenport,http://www.imdb.com/title/tt0325980/,tt0325980,2113,English,USA,PG-13,140000000,2003,8.1,https://images-na.ssl-images-amazon.com/images/M/MV5BNGYyZGM5MGMtYTY2Ni00M2Y1LWIzNjQtYWUzM2VlNGVhMDNhXkEyXkFqcGdeQXVyMTMxODk2OTU@._V1_SX300.jpg,0,0,0
219,Francis Lawrence,123,Jennifer Lawrence,Philip Seymour Hoffman,337103873,The Hunger Games: Mockingjay - Part 1,305008,Josh Hutcherson,http://www.imdb.com/title/tt1951265/,tt1951265,591,English,USA,PG-13,125000000,2014,6.7,https://images-na.ssl-images-amazon.com/images/M/MV5BMTcxNDI2NDAzNl5BMl5BanBnXkFtZTgwODM3MTc2MjE@._V1_SX300.jpg,0,0,0
220,Ron Howard,174,Tom Hanks,Seth Gabel,217536138,The Da Vinci Code,314253,Jürgen Prochnow,http://www.imdb.com/title/tt0382625/,tt0382625,1966,English,USA,PG-13,125000000,2006,6.6,https://images-na.ssl-images-amazon.com/images/M/MV5BMjIxMjQyMTc3Nl5BMl5BanBnXkFtZTcwMTA1MDUzMw@@._V1_SX300.jpg,0,0,0
221,Carlos Saldanha,101,Miguel Ferrer,Rachel Crow,131536019,Rio 2,58498,Jeffrey Garcia,http://www.imdb.com/title/tt2357291/,tt2357291,99,English,USA,G,103000000,2014,6.4,https://images-na.ssl-images-amazon.com/images/M/MV5BMTgzMDczMDYzNl5BMl5BanBnXkFtZTgwMzk2MDIwMTE@._V1_SX300.jpg,0,0,0
222,Tom McGrath,95,J.K. Simmons,Brad Pitt,148337537,Megamind,172754,Will Ferrell,http://www.imdb.com/title/tt1001526/,tt1001526,187,English,USA,PG,130000000,2010,7.3,https://images-na.ssl-images-amazon.com/images/M/MV5BMTAzMzI0NTMzNDBeQTJeQWpwZ15BbWU3MDM3NTAyOTM@._V1_SX300.jpg,0,0,0
223,Chris Columbus,159,Daniel Radcliffe,Fiona Shaw,317557891,Harry Potter and the Sorcerer's Stone,444683,Verne Troyer,http://www.imdb.com/title/tt0241527/,tt0241527,1571,English,UK,PG,125000000,2001,7.5,https://images-na.ssl-images-amazon.com/images/M/MV5BNjQ3NWNlNmQtMTE5ZS00MDdmLTlkZjUtZTBlM2UxMGFiMTU3XkEyXkFqcGdeQXVyNjUwNzk3NDc@._V1_SX300.jpg,0,0,0
224,Robert Schwentke,96,Ryan Reynolds,Jeff Bridges,33592415,R.I.P.D.,91640,Stephanie Szostak,http://www.imdb.com/title/tt0790736/,tt0790736,210,English,USA,PG-13,130000000,2013,5.6,https://images-na.ssl-images-amazon.com/images/M/MV5BMTM5OTYxNzE5N15BMl5BanBnXkFtZTcwMDU1MTQ4OQ@@._V1_SX300.jpg,0,0,0
225,Gore Verbinski,143,Johnny Depp,Orlando Bloom,305388685,Pirates of the Caribbean: The Curse of the Black Pearl,809474,Jack Davenport,http://www.imdb.com/title/tt0325980/,tt0325980,2113,English,USA,PG-13,140000000,2003,8.1,https://images-na.ssl-images-amazon.com/images/M/MV5BNGYyZGM5MGMtYTY2Ni00M2Y1LWIzNjQtYWUzM2VlNGVhMDNhXkEyXkFqcGdeQXVyMTMxODk2OTU@._V1_SX300.jpg,0,0,0
226,Francis Lawrence,123,Jennifer Lawrence,Philip Seymour Hoffman,337103873,The Hunger Games: Mockingjay - Part 1,305008,Josh Hutcherson,http://www.imdb.com/title/tt1951265/,tt1951265,591,English,USA,PG-13,125000000,2014,6.7,https://images-na.ssl-images-amazon.com/images/M/MV5BMTcxNDI2NDAzNl5BMl5BanBnXkFtZTgwODM3MTc2MjE@._V1_SX300.jpg,0,0,0
227,Ron Howard,174,Tom Hanks,Seth Gabel,217536138,The Da Vinci Code,314253,Jürgen Prochnow,http://www.imdb.com/title/tt0382625/,tt0382625,1966,English,USA,PG-13,125000000,2006,6.6,https://images-na.ssl-images-amazon.com/images/M/MV5BMjIxMjQyMTc3Nl5BMl5BanBnXkFtZTcwMTA1MDUzMw@@._V1_SX300.jpg,0,0,0
228,Carlos Saldanha,101,Miguel Ferrer,Rachel Crow,131536019,Rio 2,58498,Jeffrey Garcia,http://www.imdb.com/title/tt2357291/,tt2357291,99,English,USA,G,103000000,2014,6.4,https://images-na.ssl-images-amazon.com/images/M/MV5BMTgzMDczMDYzNl5BMl5BanBnXkFtZTgwMzk2MDIwMTE@._V1_SX300.jpg,0,0,0
229,Alejandro G. Iñárritu,156,Leonardo DiCaprio,Tom Hardy,183635922,The Revenant,406020,Lukas Haas,http://www.imdb.com/title/tt1663202/,tt1663202,1188,English,USA,R,135000000,2015,8.1,https://images-na.ssl-images-amazon.com/images/M/MV5BY2FmODc2N2QtYmY3MS00YTMwLWI2NGYtZWRmYWVkNjFjZmI0XkEyXkFqcGdeQXVyNTMxMjgxMzA@._V1_SX300.jpg,1,1,1
230,David Soren,96,Ryan Reynolds,Snoop Dogg,83024900,Turbo,62424,Ben Schwartz,http://www.imdb.com/title/tt1860353/,tt1860353,90,English,USA,PG,135000000,2013,6.5,https://images-na.ssl-images-amazon.com/images/M/MV5BMTA4NTgwMjM5MzheQTJeQWpwZ15BbWU3MDg2ODA1ODk@._V1_SX300.jpg,1,1,1
231,Gore Verbinski,107,Johnny Depp,Ray Winstone,123207194,Rango,183208,Stephen Root,http://www.imdb.com/title/tt1192628/,tt1192628,337,English,USA,PG,135000000,2011,7.2,https://images-na.ssl-images-amazon.com/images/M/MV5BMjE5ODg1NTk3OF5BMl5BanBnXkFtZTcwNzA5NTMyNA@@._V1_SX300.jpg,1,1,1
232,Eric Darnell,92,Benedict Cumberbatch,Annet Mahendru,83348920,Penguins of Madagascar,60230,Andy Richter,http://www.imdb.com/title/tt1911658/,tt1911658,118,English,USA,PG,132000000,2014,6.7,https://images-na.ssl-images-amazon.com/images/M/MV5BMTEyMDg4MDU4MjdeQTJeQWpwZ15BbWU4MDQyOTc3MjIx._V1_SX300.jpg,1,1,1
233,Paul Greengrass,115,Matt Damon,Edgar Ramírez,227137090,The Bourne Ultimatum,491077,Albert Finney,http://www.imdb.com/title/tt0440963/,tt0440963,820,English,USA,PG-13,110000000,2007,8.1,https://images-na.ssl-images-amazon.com/images/M/MV5BNGNiNmU2YTMtZmU4OS00MjM0LTlmYWUtMjVlYjAzYjE2N2RjXkEyXkFqcGdeQXVyNDk3NzU2MTQ@._V1_SX300.jpg,1,1,1
234,Mark Osborne,92,Angelina Jolie Pitt,Wayne Knight,215395021,Kung Fu Panda,307029,Dan Fogler,http://www.imdb.com/title/tt0441773/,tt0441773,360,English,USA,PG,130000000,2008,7.6,https://images-na.ssl-images-amazon.com/images/M/MV5BMTIxOTY1NjUyN15BMl5BanBnXkFtZTcwMjMxMDk1MQ@@._V1_SX300.jpg,1,1,0
235,Peyton Reed,117,Judy Greer,Hayley Atwell,180191634,Ant-Man,313866,T.I.,http://www.imdb.com/title/tt0478970/,tt0478970,549,English,USA,PG-13,130000000,2015,7.4,https://images-na.ssl-images-amazon.com/images/M/MV5BMjM2NTQ5Mzc2M15BMl5BanBnXkFtZTgwNTcxMDI2NTE@._V1_SX300.jpg,1,1,0
236,Francis Lawrence,146,Jennifer Lawrence,Josh Hutcherson,424645577,The Hunger Games: Catching Fire,498397,Sandra Ellis Lafferty,http://www.imdb.com/title/tt1951264/,tt1951264,706,English,USA,PG-13,130000000,2013,7.6,https://images-na.ssl-images-amazon.com/images/M/MV5BMTAyMjQ3OTAxMzNeQTJeQWpwZ15BbWU4MDU0NzA1MzAx._V1_SX300.jpg,1,1,0
237,Tim Johnson,94,Jim Parsons,Matt Jones,177343675,Home,70121,April Winchell,http://www.imdb.com/title/tt2224026/,tt2224026,214,English,USA,PG,135000000,2015,6.7,https://images-na.ssl-images-amazon.com/images/M/MV5BMTU0MzU4ODI3Ml5BMl5BanBnXkFtZTgwMzQzODk5NDE@._V1_SX300.jpg,1,1,0
238,Steven Spielberg,116,Tom Cruise,Lisa Ann Walter,234277056,War of the Worlds,334345,Rick Gonzalez,http://www.imdb.com/title/tt0407304/,tt0407304,2741,English,USA,PG-13,132000000,2005,6.5,https://images-na.ssl-images-amazon.com/images/M/MV5BNDUyODAzNDI1Nl5BMl5BanBnXkFtZTcwMDA2NDAzMw@@._V1_SX300.jpg,0,0,0
239,Michael Bay,147,Will Smith,Henry Rollins,138396624,Bad Boys II,178126,Jordi Mollà,http://www.imdb.com/title/tt0172156/,tt0172156,511,English,USA,R,130000000,2003,6.6,https://images-na.ssl-images-amazon.com/images/M/MV5BZmU4NzVkZjEtZmQxMi00ZDY5LWI3ZDYtMWRmZjE5YmYwZjQzXkEyXkFqcGdeQXVyMTQxNzMzNDI@._V1_SX300.jpg,0,0,0
240,Chris Miller,90,Salma Hayek,Constance Marie,149234747,Puss in Boots,114287,Amy Sedaris,http://www.imdb.com/title/tt0448694/,tt0448694,137,English,USA,PG,130000000,2011,6.7,https://images-na.ssl-images-amazon.com/images/M/MV5BMTMxMTU5MTY4MV5BMl5BanBnXkFtZTcwNzgyNjg2NQ@@._V1_SX300.jpg,0,0,0
241,Phillip Noyce,101,Angelina Jolie Pitt,Andre Braugher,118311368,Salt,245621,August Diehl,http://www.imdb.com/title/tt0944835/,tt0944835,514,English,USA,PG-13,110000000,2010,6.4,https://images-na.ssl-images-amazon.com/images/M/MV5BMjIyODA2NDg4NV5BMl5BanBnXkFtZTcwMjg4NDAwMw@@._V1_SX300.jpg,0,0,0
242,Darren Aronofsky,138,Anthony Hopkins,Emma Watson,101160529,Noah,200022,Logan Lerman,http://www.imdb.com/title/tt1959490/,tt1959490,1240,English,USA,PG-13,125000000,2014,5.8,https://images-na.ssl-images-amazon.com/images/M/MV5BNThkMjExYTEtMGYyNi00MWIzLThkNGQtMTM3YzBkZjFhZGI3XkEyXkFqcGdeQXVyMjQ2MTk1OTE@._V1_SX300.jpg,0,0,0
243,Steven Spielberg,107,Toby Jones,Mackenzie Crook,77564037,The Adventures of Tintin,177383,Tony Curran,http://www.imdb.com/title/tt0983193/,tt0983193,447,English,USA,PG,135000000,2011,7.4,https://images-na.ssl-images-amazon.com/images/M/MV5BNDE5MDExNTQ1OF5BMl5BanBnXkFtZTcwMDIxMTM5Ng@@._V1_SX300.jpg,0,0,0
244,Alfonso Cuarón,142,Daniel Radcliffe,Gary Oldman,249358727,Harry Potter and the Prisoner of Azkaban,382255,Rupert Grint,http://www.imdb.com/title/tt0304141/,tt0304141,1504,English,UK,PG,130000000,2004,7.8,https://images-na.ssl-images-amazon.com/images/M/MV5BMTY4NTIwODg0N15BMl5BanBnXkFtZTcwOTc0MjEzMw@@._V1_SX300.jpg,0,0,0
245,Baz Luhrmann,165,Essie Davis,Bryan Brown,49551662,Australia,102338,Eddie Baroo,http://www.imdb.com/title/tt0455824/,tt0455824,450,English,Australia,PG-13,130000000,2008,6.6,https://images-na.ssl-images-amazon.com/images/M/MV5BZjJhMTAyZWMtMjRlZC00NWU3LTg3ODQtYTkyZjRiN2NhY2Y5XkEyXkFqcGdeQXVyNTIzOTk5ODM@._V1_SX300.jpg,1,0,0
246,M. Night Shyamalan,100,Will Smith,Zoë Kravitz,60522097,After Earth,158720,Glenn Morshower,http://www.imdb.com/title/tt1815862/,tt1815862,744,English,USA,PG-13,130000000,2013,4.9,https://images-na.ssl-images-amazon.com/images/M/MV5BMTY3MzQyMjkwMl5BMl5BanBnXkFtZTcwMDk2OTE0OQ@@._V1_SX300.jpg,1,0,0
247,Eric Leighton,82,Alfre Woodard,D.B. Sweeney,137748063,Dinosaur,38438,Della Reese,http://www.imdb.com/title/tt0130623/,tt0130623,241,English,USA,PG,127500000,2000,6.5,https://images-na.ssl-images-amazon.com/images/M/MV5BZWQ1NTZjMjUtODNmZS00NTVhLWFhM2ItNWZiOTdjMzdhZTY2XkEyXkFqcGdeQXVyMTQxNzMzNDI@._V1_SX300.jpg,1,0,0
248,Shawn Levy,98,Robin Williams,Rami Malek,113733726,Night at the Museum: Secret of the Tomb,67223,Steve Coogan,http://www.imdb.com/title/tt2692250/,tt2692250,126,English,USA,PG,127000000,2014,6.2,https://images-na.ssl-images-amazon.com/images/M/MV5BMjI1MzM2ODEyMV5BMl5BanBnXkFtZTgwNTIzODAwMzE@._V1_SX300.jpg,1,0,0
249,Tom McGrath,95,J.K. Simmons,Brad Pitt,148337537,Megamind,172754,Will Ferrell,http://www.imdb.com/title/tt1001526/,tt1001526,187,English,USA,PG,130000000,2010,7.3,https://images-na.ssl-images-amazon.com/images/M/MV5BMTAzMzI0NTMzNDBeQTJeQWpwZ15BbWU3MDM3NTAyOTM@._V1_SX300.jpg,1,0,0
250,Chris Columbus,159,Daniel Radcliffe,Fiona Shaw,317557891,Harry Potter and the Sorcerer's Stone,444683,Verne Troyer,http://www.imdb.com/title/tt0241527/,tt0241527,1571,English,UK,PG,125000000,2001,7.5,https://images-na.ssl-images-amazon.com/images/M/MV5BNjQ3NWNlNmQtMTE5ZS00MDdmLTlkZjUtZTBlM2UxMGFiMTU3XkEyXkFqcGdeQXVyNjUwNzk3NDc@._V1_SX300.jpg,1,0,0
251,Robert Schwentke,96,Ryan Reynolds,Jeff Bridges,33592415,R.I.P.D.,91640,Stephanie Szostak,http://www.imdb.com/title/tt0790736/,tt0790736,210,English,USA,PG-13,130000000,2013,5.6,https://images-na.ssl-images-amazon.com/images/M/MV5BMTM5OTYxNzE5N15BMl5BanBnXkFtZTcwMDU1MTQ4OQ@@._V1_SX300.jpg,1,0,0
252,Gore Verbinski,143,Johnny Depp,Orlando Bloom,305388685,Pirates of the Caribbean: The Curse of the Black Pearl,809474,Jack Davenport,http://www.imdb.com/title/tt0325980/,tt0325980,2113,English,USA,PG-13,140000000,2003,8.1,https://images-na.ssl-images-amazon.com/images/M/MV5BNGYyZGM5MGMtYTY2Ni00M2Y1LWIzNjQtYWUzM2VlNGVhMDNhXkEyXkFqcGdeQXVyMTMxODk2OTU@._V1_SX300.jpg,1,0,0
253,Francis Lawrence,123,Jennifer Lawrence,Philip Seymour Hoffman,337103873,The Hunger Games: Mockingjay - Part 1,305008,Josh Hutcherson,http://www.imdb.com/title/tt1951265/,tt1951265,591,English,USA,PG-13,125000000,2014,6.7,https://images-na.ssl-images-amazon.com/images/M/MV5BMTcxNDI2NDAzNl5BMl5BanBnXkFtZTgwODM3MTc2MjE@._V1_SX300.jpg,1,0,0
254,Ron Howard,174,Tom Hanks,Seth Gabel,217536138,The Da Vinci Code,314253,Jürgen Prochnow,http://www.imdb.com/title/tt0382625/,tt0382625,1966,English,USA,PG-13,125000000,2006,6.6,https://images-na.ssl-images-amazon.com/images/M/MV5BMjIxMjQyMTc3Nl5BMl5BanBnXkFtZTcwMTA1MDUzMw@@._V1_SX300.jpg,1,0,0
255,Carlos Saldanha,101,Miguel Ferrer,Rachel Crow,131536019,Rio 2,58498,Jeffrey Garcia,http://www.imdb.com/title/tt2357291/,tt2357291,99,English,USA,G,103000000,2014,6.4,https://images-na.ssl-images-amazon.com/images/M/MV5BMTgzMDczMDYzNl5BMl5BanBnXkFtZTgwMzk2MDIwMTE@._V1_SX300.jpg,1,0,0
256,Baz Luhrmann,165,Essie Davis,Bryan Brown,49551662,Australia,102338,Eddie Baroo,http://www.imdb.com/title/tt0455824/,tt0455824,450,English,Australia,PG-13,130000000,2008,6.6,https://images-na.ssl-images-amazon.com/images/M/MV5BZjJhMTAyZWMtMjRlZC00NWU3LTg3ODQtYTkyZjRiN2NhY2Y5XkEyXkFqcGdeQXVyNTIzOTk5ODM@._V1_SX300.jpg,1,0,0
257,M. Night Shyamalan,100,Will Smith,Zoë Kravitz,60522097,After Earth,158720,Glenn Morshower,http://www.imdb.com/title/tt1815862/,tt1815862,744,English,USA,PG-13,130000000,2013,4.9,https://images-na.ssl-images-amazon.com/images/M/MV5BMTY3MzQyMjkwMl5BMl5BanBnXkFtZTcwMDk2OTE0OQ@@._V1_SX300.jpg,1,0,0
258,Eric Leighton,82,Alfre Woodard,D.B. Sweeney,137748063,Dinosaur,38438,Della Reese,http://www.imdb.com/title/tt0130623/,tt0130623,241,English,USA,PG,127500000,2000,6.5,https://images-na.ssl-images-amazon.com/images/M/MV5BZWQ1NTZjMjUtODNmZS00NTVhLWFhM2ItNWZiOTdjMzdhZTY2XkEyXkFqcGdeQXVyMTQxNzMzNDI@._V1_SX300.jpg,0,0,0
259,Shawn Levy,98,Robin Williams,Rami Malek,113733726,Night at the Museum: Secret of the Tomb,67223,Steve Coogan,http://www.imdb.com/title/tt2692250/,tt2692250,126,English,USA,PG,127000000,2014,6.2,https://images-na.ssl-images-amazon.com/images/M/MV5BMjI1MzM2ODEyMV5BMl5BanBnXkFtZTgwNTIzODAwMzE@._V1_SX300.jpg,0,0,0
260,Tom McGrath,95,J.K. Simmons,Brad Pitt,148337537,Megamind,172754,Will Ferrell,http://www.imdb.com/title/tt1001526/,tt1001526,187,English,USA,PG,130000000,2010,7.3,https://images-na.ssl-images-amazon.com/images/M/MV5BMTAzMzI0NTMzNDBeQTJeQWpwZ15BbWU3MDM3NTAyOTM@._V1_SX300.jpg,0,0,0
261,Chris Columbus,159,Daniel Radcliffe,Fiona Shaw,317557891,Harry Potter and the Sorcerer's Stone,444683,Verne Troyer,http://www.imdb.com/title/tt0241527/,tt0241527,1571,English,UK,PG,125000000,2001,7.5,https://images-na.ssl-images-amazon.com/images/M/MV5BNjQ3NWNlNmQtMTE5ZS00MDdmLTlkZjUtZTBlM2UxMGFiMTU3XkEyXkFqcGdeQXVyNjUwNzk3NDc@._V1_SX300.jpg,0,0,0
262,Robert Schwentke,96,Ryan Reynolds,Jeff Bridges,33592415,R.I.P.D.,91640,Stephanie Szostak,http://www.imdb.com/title/tt0790736/,tt0790736,210,English,USA,PG-13,130000000,2013,5.6,https://images-na.ssl-images-amazon.com/images/M/MV5BMTM5OTYxNzE5N15BMl5BanBnXkFtZTcwMDU1MTQ4OQ@@._V1_SX300.jpg,0,0,0
263,Gore Verbinski,143,Johnny Depp,Orlando Bloom,305388685,Pirates of the Caribbean: The Curse of the Black Pearl,809474,Jack Davenport,http://www.imdb.com/title/tt0325980/,tt0325980,2113,English,USA,PG-13,140000000,2003,8.1,https://images-na.ssl-images-amazon.com/images/M/MV5BNGYyZGM5MGMtYTY2Ni00M2Y1LWIzNjQtYWUzM2VlNGVhMDNhXkEyXkFqcGdeQXVyMTMxODk2OTU@._V1_SX300.jpg,0,0,0
264,Francis Lawrence,123,Jennifer Lawrence,Philip Seymour Hoffman,337103873,The Hunger Games: Mockingjay - Part 1,305008,Josh Hutcherson,http://www.imdb.com/title/tt1951265/,tt1951265,591,English,USA,PG-13,125000000,2014,6.7,https://images-na.ssl-images-amazon.com/images/M/MV5BMTcxNDI2NDAzNl5BMl5BanBnXkFtZTgwODM3MTc2MjE@._V1_SX300.jpg,0,0,0
265,Ron Howard,174,Tom Hanks,Seth Gabel,217536138,The Da Vinci Code,314253,Jürgen Prochnow,http://www.imdb.com/title/tt0382625/,tt0382625,1966,English,USA,PG-13,125000000,2006,6.6,https://images-na.ssl-images-amazon.com/images/M/MV5BMjIxMjQyMTc3Nl5BMl5BanBnXkFtZTcwMTA1MDUzMw@@._V1_SX300.jpg,0,0,0
266,Carlos Saldanha,101,Miguel Ferrer,Rachel Crow,131536019,Rio 2,58498,Jeffrey Garcia,http://www.imdb.com/title/tt2357291/,tt2357291,99,English,USA,G,103000000,2014,6.4,https://images-na.ssl-images-amazon.com/images/M/MV5BMTgzMDczMDYzNl5BMl5BanBnXkFtZTgwMzk2MDIwMTE@._V1_SX300.jpg,0,0,0
267,Tom McGrath,95,J.K. Simmons,Brad Pitt,148337537,Megamind,172754,Will Ferrell,http://www.imdb.com/title/tt1001526/,tt1001526,187,English,USA,PG,130000000,2010,7.3,https://images-na.ssl-images-amazon.com/images/M/MV5BMTAzMzI0NTMzNDBeQTJeQWpwZ15BbWU3MDM3NTAyOTM@._V1_SX300.jpg,0,0,0
268,Chris Columbus,159,Daniel Radcliffe,Fiona Shaw,317557891,Harry Potter and the Sorcerer's Stone,444683,Verne Troyer,http://www.imdb.com/title/tt0241527/,tt0241527,1571,English,UK,PG,125000000,2001,7.5,https://images-na.ssl-images-amazon.com/images/M/MV5BNjQ3NWNlNmQtMTE5ZS00MDdmLTlkZjUtZTBlM2UxMGFiMTU3XkEyXkFqcGdeQXVyNjUwNzk3NDc@._V1_SX300.jpg,0,0,0
269,Robert Schwentke,96,Ryan Reynolds,Jeff Bridges,33592415,R.I.P.D.,91640,Stephanie Szostak,http://www.imdb.com/title/tt0790736/,tt0790736,210,English,USA,PG-13,130000000,2013,5.6,https://images-na.ssl-images-amazon.com/images/M/MV5BMTM5OTYxNzE5N15BMl5BanBnXkFtZTcwMDU1MTQ4OQ@@._V1_SX300.jpg,0,0,0
270,Gore Verbinski,143,Johnny Depp,Orlando Bloom,305388685,Pirates of the Caribbean: The Curse of the Black Pearl,809474,Jack Davenport,http://www.imdb.com/title/tt0325980/,tt0325980,2113,English,USA,PG-13,140000000,2003,8.1,https://images-na.ssl-images-amazon.com/images/M/MV5BNGYyZGM5MGMtYTY2Ni00M2Y1LWIzNjQtYWUzM2VlNGVhMDNhXkEyXkFqcGdeQXVyMTMxODk2OTU@._V1_SX300.jpg,0,0,0
271,Francis Lawrence,123,Jennifer Lawrence,Philip Seymour Hoffman,337103873,The Hunger Games: Mockingjay - Part 1,305008,Josh Hutcherson,http://www.imdb.com/title/tt1951265/,tt1951265,591,English,USA,PG-13,125000000,2014,6.7,https://images-na.ssl-images-amazon.com/images/M/MV5BMTcxNDI2NDAzNl5BMl5BanBnXkFtZTgwODM3MTc2MjE@._V1_SX300.jpg,0,0,0
272,Ron Howard,174,Tom Hanks,Seth Gabel,217536138,The Da Vinci Code,314253,Jürgen Prochnow,http://www.imdb.com/title/tt0382625/,tt0382625,1966,English,USA,PG-13,125000000,2006,6.6,https://images-na.ssl-images-amazon.com/images/M/MV5BMjIxMjQyMTc3Nl5BMl5BanBnXkFtZTcwMTA1MDUzMw@@._V1_SX300.jpg,0,0,0
273,Carlos Saldanha,101,Miguel Ferrer,Rachel Crow,131536019,Rio 2,58498,Jeffrey Garcia,http://www.imdb.com/title/tt2357291/,tt2357291,99,English,USA,G,103000000,2014,6.4,https://images-na.ssl-images-amazon.com/images/M/MV5BMTgzMDczMDYzNl5BMl5BanBnXkFtZTgwMzk2MDIwMTE@._V1_SX300.jpg,0,0,0
274,Chris Columbus,159,Daniel Radcliffe,Fiona Shaw,317557891,Harry Potter and the Sorcerer's Stone,444683,Verne Troyer,http://www.imdb.com/title/tt0241527/,tt0241527,1571,English,UK,PG,125000000,2001,7.5,https://images-na.ssl-images-amazon.com/images/M/MV5BNjQ3NWNlNmQtMTE5ZS00MDdmLTlkZjUtZTBlM2UxMGFiMTU3XkEyXkFqcGdeQXVyNjUwNzk3NDc@._V1_SX300.jpg,1,0,0
275,Robert Schwentke,96,Ryan Reynolds,Jeff Bridges,33592415,R.I.P.D.,91640,Stephanie Szostak,http://www.imdb.com/title/tt0790736/,tt0790736,210,English,USA,PG-13,130000000,2013,5.6,https://images-na.ssl-images-amazon.com/images/M/MV5BMTM5OTYxNzE5N15BMl5BanBnXkFtZTcwMDU1MTQ4OQ@@._V1_SX300.jpg,1,0,0
276,Gore Verbinski,143,Johnny Depp,Orlando Bloom,305388685,Pirates of the Caribbean: The Curse of the Black Pearl,809474,Jack Davenport,http://www.imdb.com/title/tt0325980/,tt0325980,2113,English,USA,PG-13,140000000,2003,8.1,https://images-na.ssl-images-amazon.com/images/M/MV5BNGYyZGM5MGMtYTY2Ni00M2Y1LWIzNjQtYWUzM2VlNGVhMDNhXkEyXkFqcGdeQXVyMTMxODk2OTU@._V1_SX300.jpg,1,0,0
277,Francis Lawrence,123,Jennifer Lawrence,Philip Seymour Hoffman,337103873,The Hunger Games: Mockingjay - Part 1,305008,Josh Hutcherson,http://www.imdb.com/title/tt1951265/,tt1951265,591,English,USA,PG-13,125000000,2014,6.7,https://images-na.ssl-images-amazon.com/images/M/MV5BMTcxNDI2NDAzNl5BMl5BanBnXkFtZTgwODM3MTc2MjE@._V1_SX300.jpg,1,0,0
278,Ron Howard,174,Tom Hanks,Seth Gabel,217536138,The Da Vinci Code,314253,Jürgen Prochnow,http://www.imdb.com/title/tt0382625/,tt0382625,1966,English,USA,PG-13,125000000,2006,6.6,https://images-na.ssl-images-amazon.com/images/M/MV5BMjIxMjQyMTc3Nl5BMl5BanBnXkFtZTcwMTA1MDUzMw@@._V1_SX300.jpg,1,0,0
279,Carlos Saldanha,101,Miguel Ferrer,Rachel Crow,131536019,Rio 2,58498,Jeffrey Garcia,http://www.imdb.com/title/tt2357291/,tt2357291,99,English,USA,G,103000000,2014,6.4,https://images-na.ssl-images-amazon.com/images/M/MV5BMTgzMDczMDYzNl5BMl5BanBnXkFtZTgwMzk2MDIwMTE@._V1_SX300.jpg,1,0,0
280,Tom McGrath,95,J.K. Simmons,Brad Pitt,148337537,Megamind,172754,Will Ferrell,http://www.imdb.com/title/tt1001526/,tt1001526,187,English,USA,PG,130000000,2010,7.3,https://images-na.ssl-images-amazon.com/images/M/MV5BMTAzMzI0NTMzNDBeQTJeQWpwZ15BbWU3MDM3NTAyOTM@._V1_SX300.jpg,1,0,0
281,Chris Columbus,159,Daniel Radcliffe,Fiona Shaw,317557891,Harry Potter and the Sorcerer's Stone,444683,Verne Troyer,http://www.imdb.com/title/tt0241527/,tt0241527,1571,English,UK,PG,125000000,2001,7.5,https://images-na.ssl-images-amazon.com/images/M/MV5BNjQ3NWNlNmQtMTE5ZS00MDdmLTlkZjUtZTBlM2UxMGFiMTU3XkEyXkFqcGdeQXVyNjUwNzk3NDc@._V1_SX300.jpg,1,0,0
282,Robert Schwentke,96,Ryan Reynolds,Jeff Bridges,33592415,R.I.P.D.,91640,Stephanie Szostak,http://www.imdb.com/title/tt0790736/,tt0790736,210,English,USA,PG-13,130000000,2013,5.6,https://images-na.ssl-images-amazon.com/images/M/MV5BMTM5OTYxNzE5N15BMl5BanBnXkFtZTcwMDU1MTQ4OQ@@._V1_SX300.jpg,0,0,0
283,Gore Verbinski,143,Johnny Depp,Orlando Bloom,305388685,Pirates of the Caribbean: The Curse of the Black Pearl,809474,Jack Davenport,http://www.imdb.com/title/tt0325980/,tt0325980,2113,English,USA,PG-13,140000000,2003,8.1,https://images-na.ssl-images-amazon.com/images/M/MV5BNGYyZGM5MGMtYTY2Ni00M2Y1LWIzNjQtYWUzM2VlNGVhMDNhXkEyXkFqcGdeQXVyMTMxODk2OTU@._V1_SX300.jpg,0,0,0
284,Francis Lawrence,123,Jennifer Lawrence,Philip Seymour Hoffman,337103873,The Hunger Games: Mockingjay - Part 1,305008,Josh Hutcherson,http://www.imdb.com/title/tt1951265/,tt1951265,591,English,USA,PG-13,125000000,2014,6.7,https://images-na.ssl-images-amazon.com/images/M/MV5BMTcxNDI2NDAzNl5BMl5BanBnXkFtZTgwODM3MTc2MjE@._V1_SX300.jpg,0,0,0
285,Ron Howard,174,Tom Hanks,Seth Gabel,217536138,The Da Vinci Code,314253,Jürgen Prochnow,http://www.imdb.com/title/tt0382625/,tt0382625,1966,English,USA,PG-13,125000000,2006,6.6,https://images-na.ssl-images-amazon.com/images/M/MV5BMjIxMjQyMTc3Nl5BMl5BanBnXkFtZTcwMTA1MDUzMw@@._V1_SX300.jpg,0,0,0
286,Carlos Saldanha,101,Miguel Ferrer,Rachel Crow,131536019,Rio 2,58498,Jeffrey Garcia,http://www.imdb.com/title/tt2357291/,tt2357291,99,English,USA,G,103000000,2014,6.4,https://images-na.ssl-images-amazon.com/images/M/MV5BMTgzMDczMDYzNl5BMl5BanBnXkFtZTgwMzk2MDIwMTE@._V1_SX300.jpg,0,0,0
287,Chris Columbus,159,Daniel Radcliffe,Fiona Shaw,317557891,Harry Potter and the Sorcerer's Stone,444683,Verne Troyer,http://www.imdb.com/title/tt0241527/,tt0241527,1571,English,UK,PG,125000000,2001,7.5,https://images-na.ssl-images-amazon.com/images/M/MV5BNjQ3NWNlNmQtMTE5ZS00MDdmLTlkZjUtZTBlM2UxMGFiMTU3XkEyXkFqcGdeQXVyNjUwNzk3NDc@._V1_SX300.jpg,0,1,0
288,Robert Schwentke,96,Ryan Reynolds,Jeff Bridges,33592415,R.I.P.D.,91640,Stephanie Szostak,http://www.imdb.com/title/tt0790736/,tt0790736,210,English,USA,PG-13,130000000,2013,5.6,https://images-na.ssl-images-amazon.com/images/M/MV5BMTM5OTYxNzE5N15BMl5BanBnXkFtZTcwMDU1MTQ4OQ@@._V1_SX300.jpg,0,1,0
289,Gore Verbinski,143,Johnny Depp,Orlando Bloom,305388685,Pirates of the Caribbean: The Curse of the Black Pearl,809474,Jack Davenport,http://www.imdb.com/title/tt0325980/,tt0325980,2113,English,USA,PG-13,140000000,2003,8.1,https://images-na.ssl-images-amazon.com/images/M/MV5BNGYyZGM5MGMtYTY2Ni00M2Y1LWIzNjQtYWUzM2VlNGVhMDNhXkEyXkFqcGdeQXVyMTMxODk2OTU@._V1_SX300.jpg,0,1,0
290,Francis Lawrence,123,Jennifer Lawrence,Philip Seymour Hoffman,337103873,The Hunger Games: Mockingjay - Part 1,305008,Josh Hutcherson,http://www.imdb.com/title/tt1951265/,tt1951265,591,English,USA,PG-13,125000000,2014,6.7,https://images-na.ssl-images-amazon.com/images/M/MV5BMTcxNDI2NDAzNl5BMl5BanBnXkFtZTgwODM3MTc2MjE@._V1_SX300.jpg,0,1,0
291,Ron Howard,174,Tom Hanks,Seth Gabel,217536138,The Da Vinci Code,314253,Jürgen Prochnow,http://www.imdb.com/title/tt0382625/,tt0382625,1966,English,USA,PG-13,125000000,2006,6.6,https://images-na.ssl-images-amazon.com/images/M/MV5BMjIxMjQyMTc3Nl5BMl5BanBnXkFtZTcwMTA1MDUzMw@@._V1_SX300.jpg,0,1,0
292,Carlos Saldanha,101,Miguel Ferrer,Rachel Crow,131536019,Rio 2,58498,Jeffrey Garcia,http://www.imdb.com/title/tt2357291/,tt2357291,99,English,USA,G,103000000,2014,6.4,https://images-na.ssl-images-amazon.com/images/M/MV5BMTgzMDczMDYzNl5BMl5BanBnXkFtZTgwMzk2MDIwMTE@._V1_SX300.jpg,0,1,0
293,Tom McGrath,95,J.K. Simmons,Brad Pitt,148337537,Megamind,172754,Will Ferrell,http://www.imdb.com/title/tt1001526/,tt1001526,187,English,USA,PG,130000000,2010,7.3,https://images-na.ssl-images-amazon.com/images/M/MV5BMTAzMzI0NTMzNDBeQTJeQWpwZ15BbWU3MDM3NTAyOTM@._V1_SX300.jpg,0,1,0
294,Chris Columbus,159,Daniel Radcliffe,Fiona Shaw,317557891,Harry Potter and the Sorcerer's Stone,444683,Verne Troyer,http://www.imdb.com/title/tt0241527/,tt0241527,1571,English,UK,PG,125000000,2001,7.5,https://images-na.ssl-images-amazon.com/images/M/MV5BNjQ3NWNlNmQtMTE5ZS00MDdmLTlkZjUtZTBlM2UxMGFiMTU3XkEyXkFqcGdeQXVyNjUwNzk3NDc@._V1_SX300.jpg,0,1,0
295,Robert Schwentke,96,Ryan Reynolds,Jeff Bridges,33592415,R.I.P.D.,91640,Stephanie Szostak,http://www.imdb.com/title/tt0790736/,tt0790736,210,English,USA,PG-13,130000000,2013,5.6,https://images-na.ssl-images-amazon.com/images/M/MV5BMTM5OTYxNzE5N15BMl5BanBnXkFtZTcwMDU1MTQ4OQ@@._V1_SX300.jpg,1,1,1
296,Gore Verbinski,143,Johnny Depp,Orlando Bloom,305388685,Pirates of the Caribbean: The Curse of the Black Pearl,809474,Jack Davenport,http://www.imdb.com/title/tt0325980/,tt0325980,2113,English,USA,PG-13,140000000,2003,8.1,https://images-na.ssl-images-amazon.com/images/M/MV5BNGYyZGM5MGMtYTY2Ni00M2Y1LWIzNjQtYWUzM2VlNGVhMDNhXkEyXkFqcGdeQXVyMTMxODk2OTU@._V1_SX300.jpg,1,1,1
297,Francis Lawrence,123,Jennifer Lawrence,Philip Seymour Hoffman,337103873,The Hunger Games: Mockingjay - Part 1,305008,Josh Hutcherson,http://www.imdb.com/title/tt1951265/,tt1951265,591,English,USA,PG-13,125000000,2014,6.7,https://images-na.ssl-images-amazon.com/images/M/MV5BMTcxNDI2NDAzNl5BMl5BanBnXkFtZTgwODM3MTc2MjE@._V1_SX300.jpg,1,1,1
298,Ron Howard,174,Tom Hanks,Seth Gabel,217536138,The Da Vinci Code,314253,Jürgen Prochnow,http://www.imdb.com/title/tt0382625/,tt0382625,1966,English,USA,PG-13,125000000,2006,6.6,https://images-na.ssl-images-amazon.com/images/M/MV5BMjIxMjQyMTc3Nl5BMl5BanBnXkFtZTcwMTA1MDUzMw@@._V1_SX300.jpg,1,1,1
299,Carlos Saldanha,101,Miguel Ferrer,Rachel Crow,131536019,Rio 2,58498,Jeffrey Garcia,http://www.imdb.com/title/tt2357291/,tt2357291,99,English,USA,G,103000000,2014,6.4,https://images-na.ssl-images-amazon.com/images/M/MV5BMTgzMDczMDYzNl5BMl5BanBnXkFtZTgwMzk2MDIwMTE@._V1_SX300.jpg,1,1,1
